--
-- PostgreSQL database cluster dump
--

SET default_transaction_read_only = off;

SET client_encoding = 'UTF8';
SET standard_conforming_strings = on;

--
-- Roles
--

CREATE ROLE anon;
ALTER ROLE anon WITH NOSUPERUSER INHERIT NOCREATEROLE NOCREATEDB NOLOGIN NOREPLICATION NOBYPASSRLS;
CREATE ROLE authenticated;
ALTER ROLE authenticated WITH NOSUPERUSER INHERIT NOCREATEROLE NOCREATEDB NOLOGIN NOREPLICATION NOBYPASSRLS;
CREATE ROLE authenticator;
ALTER ROLE authenticator WITH NOSUPERUSER NOINHERIT NOCREATEROLE NOCREATEDB LOGIN NOREPLICATION NOBYPASSRLS;
CREATE ROLE dashboard_user;
ALTER ROLE dashboard_user WITH NOSUPERUSER INHERIT CREATEROLE CREATEDB NOLOGIN REPLICATION NOBYPASSRLS;
CREATE ROLE pgbouncer;
ALTER ROLE pgbouncer WITH NOSUPERUSER INHERIT NOCREATEROLE NOCREATEDB LOGIN NOREPLICATION NOBYPASSRLS;
CREATE ROLE pgsodium_keyholder;
ALTER ROLE pgsodium_keyholder WITH NOSUPERUSER INHERIT NOCREATEROLE NOCREATEDB NOLOGIN NOREPLICATION NOBYPASSRLS;
CREATE ROLE pgsodium_keyiduser;
ALTER ROLE pgsodium_keyiduser WITH NOSUPERUSER INHERIT NOCREATEROLE NOCREATEDB NOLOGIN NOREPLICATION NOBYPASSRLS;
CREATE ROLE pgsodium_keymaker;
ALTER ROLE pgsodium_keymaker WITH NOSUPERUSER INHERIT NOCREATEROLE NOCREATEDB NOLOGIN NOREPLICATION NOBYPASSRLS;
CREATE ROLE postgres;
ALTER ROLE postgres WITH NOSUPERUSER INHERIT CREATEROLE CREATEDB LOGIN REPLICATION BYPASSRLS;
CREATE ROLE service_role;
ALTER ROLE service_role WITH NOSUPERUSER INHERIT NOCREATEROLE NOCREATEDB NOLOGIN NOREPLICATION BYPASSRLS;
CREATE ROLE supabase_admin;
ALTER ROLE supabase_admin WITH SUPERUSER INHERIT CREATEROLE CREATEDB LOGIN REPLICATION BYPASSRLS;
CREATE ROLE supabase_auth_admin;
ALTER ROLE supabase_auth_admin WITH NOSUPERUSER NOINHERIT CREATEROLE NOCREATEDB LOGIN NOREPLICATION NOBYPASSRLS;
CREATE ROLE supabase_read_only_user;
ALTER ROLE supabase_read_only_user WITH NOSUPERUSER INHERIT NOCREATEROLE NOCREATEDB LOGIN NOREPLICATION BYPASSRLS;
CREATE ROLE supabase_realtime_admin;
ALTER ROLE supabase_realtime_admin WITH NOSUPERUSER NOINHERIT NOCREATEROLE NOCREATEDB NOLOGIN NOREPLICATION NOBYPASSRLS;
CREATE ROLE supabase_replication_admin;
ALTER ROLE supabase_replication_admin WITH NOSUPERUSER INHERIT NOCREATEROLE NOCREATEDB LOGIN REPLICATION NOBYPASSRLS;
CREATE ROLE supabase_storage_admin;
ALTER ROLE supabase_storage_admin WITH NOSUPERUSER NOINHERIT CREATEROLE NOCREATEDB LOGIN NOREPLICATION NOBYPASSRLS;

--
-- User Configurations
--

--
-- User Config "anon"
--

ALTER ROLE anon SET statement_timeout TO '3s';

--
-- User Config "authenticated"
--

ALTER ROLE authenticated SET statement_timeout TO '8s';

--
-- User Config "authenticator"
--

ALTER ROLE authenticator SET session_preload_libraries TO 'safeupdate';
ALTER ROLE authenticator SET statement_timeout TO '8s';
ALTER ROLE authenticator SET lock_timeout TO '8s';

--
-- User Config "postgres"
--

ALTER ROLE postgres SET search_path TO E'\\$user', 'public', 'extensions';

--
-- User Config "supabase_admin"
--

ALTER ROLE supabase_admin SET search_path TO '$user', 'public', 'auth', 'extensions';

--
-- User Config "supabase_auth_admin"
--

ALTER ROLE supabase_auth_admin SET search_path TO 'auth';
ALTER ROLE supabase_auth_admin SET idle_in_transaction_session_timeout TO '60000';

--
-- User Config "supabase_storage_admin"
--

ALTER ROLE supabase_storage_admin SET search_path TO 'storage';


--
-- Role memberships
--

GRANT anon TO authenticator GRANTED BY postgres;
GRANT anon TO postgres GRANTED BY supabase_admin;
GRANT authenticated TO authenticator GRANTED BY postgres;
GRANT authenticated TO postgres GRANTED BY supabase_admin;
GRANT authenticator TO supabase_storage_admin GRANTED BY supabase_admin;
GRANT pg_monitor TO postgres GRANTED BY supabase_admin;
GRANT pg_read_all_data TO postgres GRANTED BY supabase_admin;
GRANT pg_read_all_data TO supabase_read_only_user GRANTED BY postgres;
GRANT pg_signal_backend TO postgres GRANTED BY supabase_admin;
GRANT pgsodium_keyholder TO pgsodium_keymaker GRANTED BY supabase_admin;
GRANT pgsodium_keyholder TO postgres WITH ADMIN OPTION GRANTED BY supabase_admin;
GRANT pgsodium_keyholder TO service_role GRANTED BY supabase_admin;
GRANT pgsodium_keyiduser TO pgsodium_keyholder GRANTED BY supabase_admin;
GRANT pgsodium_keyiduser TO pgsodium_keymaker GRANTED BY supabase_admin;
GRANT pgsodium_keyiduser TO postgres WITH ADMIN OPTION GRANTED BY supabase_admin;
GRANT pgsodium_keymaker TO postgres WITH ADMIN OPTION GRANTED BY supabase_admin;
GRANT service_role TO authenticator GRANTED BY postgres;
GRANT service_role TO postgres GRANTED BY supabase_admin;
GRANT supabase_auth_admin TO postgres GRANTED BY supabase_admin;
GRANT supabase_realtime_admin TO postgres GRANTED BY supabase_admin;
GRANT supabase_storage_admin TO postgres GRANTED BY supabase_admin;






--
-- Databases
--

--
-- Database "template1" dump
--

\connect template1

--
-- PostgreSQL database dump
--

-- Dumped from database version 15.6
-- Dumped by pg_dump version 15.8 (Debian 15.8-1.pgdg120+1)

SET statement_timeout = 0;
SET lock_timeout = 0;
SET idle_in_transaction_session_timeout = 0;
SET client_encoding = 'UTF8';
SET standard_conforming_strings = on;
SELECT pg_catalog.set_config('search_path', '', false);
SET check_function_bodies = false;
SET xmloption = content;
SET client_min_messages = warning;
SET row_security = off;

--
-- PostgreSQL database dump complete
--

--
-- Database "postgres" dump
--

\connect postgres

--
-- PostgreSQL database dump
--

-- Dumped from database version 15.6
-- Dumped by pg_dump version 15.8 (Debian 15.8-1.pgdg120+1)

SET statement_timeout = 0;
SET lock_timeout = 0;
SET idle_in_transaction_session_timeout = 0;
SET client_encoding = 'UTF8';
SET standard_conforming_strings = on;
SELECT pg_catalog.set_config('search_path', '', false);
SET check_function_bodies = false;
SET xmloption = content;
SET client_min_messages = warning;
SET row_security = off;

--
-- Name: auth; Type: SCHEMA; Schema: -; Owner: supabase_admin
--

CREATE SCHEMA auth;


ALTER SCHEMA auth OWNER TO supabase_admin;

--
-- Name: extensions; Type: SCHEMA; Schema: -; Owner: postgres
--

CREATE SCHEMA extensions;


ALTER SCHEMA extensions OWNER TO postgres;

--
-- Name: graphql; Type: SCHEMA; Schema: -; Owner: supabase_admin
--

CREATE SCHEMA graphql;


ALTER SCHEMA graphql OWNER TO supabase_admin;

--
-- Name: graphql_public; Type: SCHEMA; Schema: -; Owner: supabase_admin
--

CREATE SCHEMA graphql_public;


ALTER SCHEMA graphql_public OWNER TO supabase_admin;

--
-- Name: pgbouncer; Type: SCHEMA; Schema: -; Owner: pgbouncer
--

CREATE SCHEMA pgbouncer;


ALTER SCHEMA pgbouncer OWNER TO pgbouncer;

--
-- Name: pgsodium; Type: SCHEMA; Schema: -; Owner: supabase_admin
--

CREATE SCHEMA pgsodium;


ALTER SCHEMA pgsodium OWNER TO supabase_admin;

--
-- Name: pgsodium; Type: EXTENSION; Schema: -; Owner: -
--

CREATE EXTENSION IF NOT EXISTS pgsodium WITH SCHEMA pgsodium;


--
-- Name: EXTENSION pgsodium; Type: COMMENT; Schema: -; Owner: 
--

COMMENT ON EXTENSION pgsodium IS 'Pgsodium is a modern cryptography library for Postgres.';


--
-- Name: realtime; Type: SCHEMA; Schema: -; Owner: supabase_admin
--

CREATE SCHEMA realtime;


ALTER SCHEMA realtime OWNER TO supabase_admin;

--
-- Name: storage; Type: SCHEMA; Schema: -; Owner: supabase_admin
--

CREATE SCHEMA storage;


ALTER SCHEMA storage OWNER TO supabase_admin;

--
-- Name: vault; Type: SCHEMA; Schema: -; Owner: supabase_admin
--

CREATE SCHEMA vault;


ALTER SCHEMA vault OWNER TO supabase_admin;

--
-- Name: pg_graphql; Type: EXTENSION; Schema: -; Owner: -
--

CREATE EXTENSION IF NOT EXISTS pg_graphql WITH SCHEMA graphql;


--
-- Name: EXTENSION pg_graphql; Type: COMMENT; Schema: -; Owner: 
--

COMMENT ON EXTENSION pg_graphql IS 'pg_graphql: GraphQL support';


--
-- Name: pg_stat_statements; Type: EXTENSION; Schema: -; Owner: -
--

CREATE EXTENSION IF NOT EXISTS pg_stat_statements WITH SCHEMA extensions;


--
-- Name: EXTENSION pg_stat_statements; Type: COMMENT; Schema: -; Owner: 
--

COMMENT ON EXTENSION pg_stat_statements IS 'track planning and execution statistics of all SQL statements executed';


--
-- Name: pgcrypto; Type: EXTENSION; Schema: -; Owner: -
--

CREATE EXTENSION IF NOT EXISTS pgcrypto WITH SCHEMA extensions;


--
-- Name: EXTENSION pgcrypto; Type: COMMENT; Schema: -; Owner: 
--

COMMENT ON EXTENSION pgcrypto IS 'cryptographic functions';


--
-- Name: pgjwt; Type: EXTENSION; Schema: -; Owner: -
--

CREATE EXTENSION IF NOT EXISTS pgjwt WITH SCHEMA extensions;


--
-- Name: EXTENSION pgjwt; Type: COMMENT; Schema: -; Owner: 
--

COMMENT ON EXTENSION pgjwt IS 'JSON Web Token API for Postgresql';


--
-- Name: supabase_vault; Type: EXTENSION; Schema: -; Owner: -
--

CREATE EXTENSION IF NOT EXISTS supabase_vault WITH SCHEMA vault;


--
-- Name: EXTENSION supabase_vault; Type: COMMENT; Schema: -; Owner: 
--

COMMENT ON EXTENSION supabase_vault IS 'Supabase Vault Extension';


--
-- Name: uuid-ossp; Type: EXTENSION; Schema: -; Owner: -
--

CREATE EXTENSION IF NOT EXISTS "uuid-ossp" WITH SCHEMA extensions;


--
-- Name: EXTENSION "uuid-ossp"; Type: COMMENT; Schema: -; Owner: 
--

COMMENT ON EXTENSION "uuid-ossp" IS 'generate universally unique identifiers (UUIDs)';


--
-- Name: aal_level; Type: TYPE; Schema: auth; Owner: supabase_auth_admin
--

CREATE TYPE auth.aal_level AS ENUM (
    'aal1',
    'aal2',
    'aal3'
);


ALTER TYPE auth.aal_level OWNER TO supabase_auth_admin;

--
-- Name: code_challenge_method; Type: TYPE; Schema: auth; Owner: supabase_auth_admin
--

CREATE TYPE auth.code_challenge_method AS ENUM (
    's256',
    'plain'
);


ALTER TYPE auth.code_challenge_method OWNER TO supabase_auth_admin;

--
-- Name: factor_status; Type: TYPE; Schema: auth; Owner: supabase_auth_admin
--

CREATE TYPE auth.factor_status AS ENUM (
    'unverified',
    'verified'
);


ALTER TYPE auth.factor_status OWNER TO supabase_auth_admin;

--
-- Name: factor_type; Type: TYPE; Schema: auth; Owner: supabase_auth_admin
--

CREATE TYPE auth.factor_type AS ENUM (
    'totp',
    'webauthn',
    'phone'
);


ALTER TYPE auth.factor_type OWNER TO supabase_auth_admin;

--
-- Name: one_time_token_type; Type: TYPE; Schema: auth; Owner: supabase_auth_admin
--

CREATE TYPE auth.one_time_token_type AS ENUM (
    'confirmation_token',
    'reauthentication_token',
    'recovery_token',
    'email_change_token_new',
    'email_change_token_current',
    'phone_change_token'
);


ALTER TYPE auth.one_time_token_type OWNER TO supabase_auth_admin;

--
-- Name: action; Type: TYPE; Schema: realtime; Owner: supabase_admin
--

CREATE TYPE realtime.action AS ENUM (
    'INSERT',
    'UPDATE',
    'DELETE',
    'TRUNCATE',
    'ERROR'
);


ALTER TYPE realtime.action OWNER TO supabase_admin;

--
-- Name: equality_op; Type: TYPE; Schema: realtime; Owner: supabase_admin
--

CREATE TYPE realtime.equality_op AS ENUM (
    'eq',
    'neq',
    'lt',
    'lte',
    'gt',
    'gte',
    'in'
);


ALTER TYPE realtime.equality_op OWNER TO supabase_admin;

--
-- Name: user_defined_filter; Type: TYPE; Schema: realtime; Owner: supabase_admin
--

CREATE TYPE realtime.user_defined_filter AS (
	column_name text,
	op realtime.equality_op,
	value text
);


ALTER TYPE realtime.user_defined_filter OWNER TO supabase_admin;

--
-- Name: wal_column; Type: TYPE; Schema: realtime; Owner: supabase_admin
--

CREATE TYPE realtime.wal_column AS (
	name text,
	type_name text,
	type_oid oid,
	value jsonb,
	is_pkey boolean,
	is_selectable boolean
);


ALTER TYPE realtime.wal_column OWNER TO supabase_admin;

--
-- Name: wal_rls; Type: TYPE; Schema: realtime; Owner: supabase_admin
--

CREATE TYPE realtime.wal_rls AS (
	wal jsonb,
	is_rls_enabled boolean,
	subscription_ids uuid[],
	errors text[]
);


ALTER TYPE realtime.wal_rls OWNER TO supabase_admin;

--
-- Name: email(); Type: FUNCTION; Schema: auth; Owner: supabase_auth_admin
--

CREATE FUNCTION auth.email() RETURNS text
    LANGUAGE sql STABLE
    AS $$
  select 
  coalesce(
    nullif(current_setting('request.jwt.claim.email', true), ''),
    (nullif(current_setting('request.jwt.claims', true), '')::jsonb ->> 'email')
  )::text
$$;


ALTER FUNCTION auth.email() OWNER TO supabase_auth_admin;

--
-- Name: FUNCTION email(); Type: COMMENT; Schema: auth; Owner: supabase_auth_admin
--

COMMENT ON FUNCTION auth.email() IS 'Deprecated. Use auth.jwt() -> ''email'' instead.';


--
-- Name: jwt(); Type: FUNCTION; Schema: auth; Owner: supabase_auth_admin
--

CREATE FUNCTION auth.jwt() RETURNS jsonb
    LANGUAGE sql STABLE
    AS $$
  select 
    coalesce(
        nullif(current_setting('request.jwt.claim', true), ''),
        nullif(current_setting('request.jwt.claims', true), '')
    )::jsonb
$$;


ALTER FUNCTION auth.jwt() OWNER TO supabase_auth_admin;

--
-- Name: role(); Type: FUNCTION; Schema: auth; Owner: supabase_auth_admin
--

CREATE FUNCTION auth.role() RETURNS text
    LANGUAGE sql STABLE
    AS $$
  select 
  coalesce(
    nullif(current_setting('request.jwt.claim.role', true), ''),
    (nullif(current_setting('request.jwt.claims', true), '')::jsonb ->> 'role')
  )::text
$$;


ALTER FUNCTION auth.role() OWNER TO supabase_auth_admin;

--
-- Name: FUNCTION role(); Type: COMMENT; Schema: auth; Owner: supabase_auth_admin
--

COMMENT ON FUNCTION auth.role() IS 'Deprecated. Use auth.jwt() -> ''role'' instead.';


--
-- Name: uid(); Type: FUNCTION; Schema: auth; Owner: supabase_auth_admin
--

CREATE FUNCTION auth.uid() RETURNS uuid
    LANGUAGE sql STABLE
    AS $$
  select 
  coalesce(
    nullif(current_setting('request.jwt.claim.sub', true), ''),
    (nullif(current_setting('request.jwt.claims', true), '')::jsonb ->> 'sub')
  )::uuid
$$;


ALTER FUNCTION auth.uid() OWNER TO supabase_auth_admin;

--
-- Name: FUNCTION uid(); Type: COMMENT; Schema: auth; Owner: supabase_auth_admin
--

COMMENT ON FUNCTION auth.uid() IS 'Deprecated. Use auth.jwt() -> ''sub'' instead.';


--
-- Name: grant_pg_cron_access(); Type: FUNCTION; Schema: extensions; Owner: postgres
--

CREATE FUNCTION extensions.grant_pg_cron_access() RETURNS event_trigger
    LANGUAGE plpgsql
    AS $$
BEGIN
  IF EXISTS (
    SELECT
    FROM pg_event_trigger_ddl_commands() AS ev
    JOIN pg_extension AS ext
    ON ev.objid = ext.oid
    WHERE ext.extname = 'pg_cron'
  )
  THEN
    grant usage on schema cron to postgres with grant option;

    alter default privileges in schema cron grant all on tables to postgres with grant option;
    alter default privileges in schema cron grant all on functions to postgres with grant option;
    alter default privileges in schema cron grant all on sequences to postgres with grant option;

    alter default privileges for user supabase_admin in schema cron grant all
        on sequences to postgres with grant option;
    alter default privileges for user supabase_admin in schema cron grant all
        on tables to postgres with grant option;
    alter default privileges for user supabase_admin in schema cron grant all
        on functions to postgres with grant option;

    grant all privileges on all tables in schema cron to postgres with grant option;
    revoke all on table cron.job from postgres;
    grant select on table cron.job to postgres with grant option;
  END IF;
END;
$$;


ALTER FUNCTION extensions.grant_pg_cron_access() OWNER TO postgres;

--
-- Name: FUNCTION grant_pg_cron_access(); Type: COMMENT; Schema: extensions; Owner: postgres
--

COMMENT ON FUNCTION extensions.grant_pg_cron_access() IS 'Grants access to pg_cron';


--
-- Name: grant_pg_graphql_access(); Type: FUNCTION; Schema: extensions; Owner: supabase_admin
--

CREATE FUNCTION extensions.grant_pg_graphql_access() RETURNS event_trigger
    LANGUAGE plpgsql
    AS $_$
DECLARE
    func_is_graphql_resolve bool;
BEGIN
    func_is_graphql_resolve = (
        SELECT n.proname = 'resolve'
        FROM pg_event_trigger_ddl_commands() AS ev
        LEFT JOIN pg_catalog.pg_proc AS n
        ON ev.objid = n.oid
    );

    IF func_is_graphql_resolve
    THEN
        -- Update public wrapper to pass all arguments through to the pg_graphql resolve func
        DROP FUNCTION IF EXISTS graphql_public.graphql;
        create or replace function graphql_public.graphql(
            "operationName" text default null,
            query text default null,
            variables jsonb default null,
            extensions jsonb default null
        )
            returns jsonb
            language sql
        as $$
            select graphql.resolve(
                query := query,
                variables := coalesce(variables, '{}'),
                "operationName" := "operationName",
                extensions := extensions
            );
        $$;

        -- This hook executes when `graphql.resolve` is created. That is not necessarily the last
        -- function in the extension so we need to grant permissions on existing entities AND
        -- update default permissions to any others that are created after `graphql.resolve`
        grant usage on schema graphql to postgres, anon, authenticated, service_role;
        grant select on all tables in schema graphql to postgres, anon, authenticated, service_role;
        grant execute on all functions in schema graphql to postgres, anon, authenticated, service_role;
        grant all on all sequences in schema graphql to postgres, anon, authenticated, service_role;
        alter default privileges in schema graphql grant all on tables to postgres, anon, authenticated, service_role;
        alter default privileges in schema graphql grant all on functions to postgres, anon, authenticated, service_role;
        alter default privileges in schema graphql grant all on sequences to postgres, anon, authenticated, service_role;

        -- Allow postgres role to allow granting usage on graphql and graphql_public schemas to custom roles
        grant usage on schema graphql_public to postgres with grant option;
        grant usage on schema graphql to postgres with grant option;
    END IF;

END;
$_$;


ALTER FUNCTION extensions.grant_pg_graphql_access() OWNER TO supabase_admin;

--
-- Name: FUNCTION grant_pg_graphql_access(); Type: COMMENT; Schema: extensions; Owner: supabase_admin
--

COMMENT ON FUNCTION extensions.grant_pg_graphql_access() IS 'Grants access to pg_graphql';


--
-- Name: grant_pg_net_access(); Type: FUNCTION; Schema: extensions; Owner: postgres
--

CREATE FUNCTION extensions.grant_pg_net_access() RETURNS event_trigger
    LANGUAGE plpgsql
    AS $$
BEGIN
  IF EXISTS (
    SELECT 1
    FROM pg_event_trigger_ddl_commands() AS ev
    JOIN pg_extension AS ext
    ON ev.objid = ext.oid
    WHERE ext.extname = 'pg_net'
  )
  THEN
    IF NOT EXISTS (
      SELECT 1
      FROM pg_roles
      WHERE rolname = 'supabase_functions_admin'
    )
    THEN
      CREATE USER supabase_functions_admin NOINHERIT CREATEROLE LOGIN NOREPLICATION;
    END IF;

    GRANT USAGE ON SCHEMA net TO supabase_functions_admin, postgres, anon, authenticated, service_role;

    ALTER function net.http_get(url text, params jsonb, headers jsonb, timeout_milliseconds integer) SECURITY DEFINER;
    ALTER function net.http_post(url text, body jsonb, params jsonb, headers jsonb, timeout_milliseconds integer) SECURITY DEFINER;

    ALTER function net.http_get(url text, params jsonb, headers jsonb, timeout_milliseconds integer) SET search_path = net;
    ALTER function net.http_post(url text, body jsonb, params jsonb, headers jsonb, timeout_milliseconds integer) SET search_path = net;

    REVOKE ALL ON FUNCTION net.http_get(url text, params jsonb, headers jsonb, timeout_milliseconds integer) FROM PUBLIC;
    REVOKE ALL ON FUNCTION net.http_post(url text, body jsonb, params jsonb, headers jsonb, timeout_milliseconds integer) FROM PUBLIC;

    GRANT EXECUTE ON FUNCTION net.http_get(url text, params jsonb, headers jsonb, timeout_milliseconds integer) TO supabase_functions_admin, postgres, anon, authenticated, service_role;
    GRANT EXECUTE ON FUNCTION net.http_post(url text, body jsonb, params jsonb, headers jsonb, timeout_milliseconds integer) TO supabase_functions_admin, postgres, anon, authenticated, service_role;
  END IF;
END;
$$;


ALTER FUNCTION extensions.grant_pg_net_access() OWNER TO postgres;

--
-- Name: FUNCTION grant_pg_net_access(); Type: COMMENT; Schema: extensions; Owner: postgres
--

COMMENT ON FUNCTION extensions.grant_pg_net_access() IS 'Grants access to pg_net';


--
-- Name: pgrst_ddl_watch(); Type: FUNCTION; Schema: extensions; Owner: supabase_admin
--

CREATE FUNCTION extensions.pgrst_ddl_watch() RETURNS event_trigger
    LANGUAGE plpgsql
    AS $$
DECLARE
  cmd record;
BEGIN
  FOR cmd IN SELECT * FROM pg_event_trigger_ddl_commands()
  LOOP
    IF cmd.command_tag IN (
      'CREATE SCHEMA', 'ALTER SCHEMA'
    , 'CREATE TABLE', 'CREATE TABLE AS', 'SELECT INTO', 'ALTER TABLE'
    , 'CREATE FOREIGN TABLE', 'ALTER FOREIGN TABLE'
    , 'CREATE VIEW', 'ALTER VIEW'
    , 'CREATE MATERIALIZED VIEW', 'ALTER MATERIALIZED VIEW'
    , 'CREATE FUNCTION', 'ALTER FUNCTION'
    , 'CREATE TRIGGER'
    , 'CREATE TYPE', 'ALTER TYPE'
    , 'CREATE RULE'
    , 'COMMENT'
    )
    -- don't notify in case of CREATE TEMP table or other objects created on pg_temp
    AND cmd.schema_name is distinct from 'pg_temp'
    THEN
      NOTIFY pgrst, 'reload schema';
    END IF;
  END LOOP;
END; $$;


ALTER FUNCTION extensions.pgrst_ddl_watch() OWNER TO supabase_admin;

--
-- Name: pgrst_drop_watch(); Type: FUNCTION; Schema: extensions; Owner: supabase_admin
--

CREATE FUNCTION extensions.pgrst_drop_watch() RETURNS event_trigger
    LANGUAGE plpgsql
    AS $$
DECLARE
  obj record;
BEGIN
  FOR obj IN SELECT * FROM pg_event_trigger_dropped_objects()
  LOOP
    IF obj.object_type IN (
      'schema'
    , 'table'
    , 'foreign table'
    , 'view'
    , 'materialized view'
    , 'function'
    , 'trigger'
    , 'type'
    , 'rule'
    )
    AND obj.is_temporary IS false -- no pg_temp objects
    THEN
      NOTIFY pgrst, 'reload schema';
    END IF;
  END LOOP;
END; $$;


ALTER FUNCTION extensions.pgrst_drop_watch() OWNER TO supabase_admin;

--
-- Name: set_graphql_placeholder(); Type: FUNCTION; Schema: extensions; Owner: supabase_admin
--

CREATE FUNCTION extensions.set_graphql_placeholder() RETURNS event_trigger
    LANGUAGE plpgsql
    AS $_$
    DECLARE
    graphql_is_dropped bool;
    BEGIN
    graphql_is_dropped = (
        SELECT ev.schema_name = 'graphql_public'
        FROM pg_event_trigger_dropped_objects() AS ev
        WHERE ev.schema_name = 'graphql_public'
    );

    IF graphql_is_dropped
    THEN
        create or replace function graphql_public.graphql(
            "operationName" text default null,
            query text default null,
            variables jsonb default null,
            extensions jsonb default null
        )
            returns jsonb
            language plpgsql
        as $$
            DECLARE
                server_version float;
            BEGIN
                server_version = (SELECT (SPLIT_PART((select version()), ' ', 2))::float);

                IF server_version >= 14 THEN
                    RETURN jsonb_build_object(
                        'errors', jsonb_build_array(
                            jsonb_build_object(
                                'message', 'pg_graphql extension is not enabled.'
                            )
                        )
                    );
                ELSE
                    RETURN jsonb_build_object(
                        'errors', jsonb_build_array(
                            jsonb_build_object(
                                'message', 'pg_graphql is only available on projects running Postgres 14 onwards.'
                            )
                        )
                    );
                END IF;
            END;
        $$;
    END IF;

    END;
$_$;


ALTER FUNCTION extensions.set_graphql_placeholder() OWNER TO supabase_admin;

--
-- Name: FUNCTION set_graphql_placeholder(); Type: COMMENT; Schema: extensions; Owner: supabase_admin
--

COMMENT ON FUNCTION extensions.set_graphql_placeholder() IS 'Reintroduces placeholder function for graphql_public.graphql';


--
-- Name: get_auth(text); Type: FUNCTION; Schema: pgbouncer; Owner: postgres
--

CREATE FUNCTION pgbouncer.get_auth(p_usename text) RETURNS TABLE(username text, password text)
    LANGUAGE plpgsql SECURITY DEFINER
    AS $$
BEGIN
    RAISE WARNING 'PgBouncer auth request: %', p_usename;

    RETURN QUERY
    SELECT usename::TEXT, passwd::TEXT FROM pg_catalog.pg_shadow
    WHERE usename = p_usename;
END;
$$;


ALTER FUNCTION pgbouncer.get_auth(p_usename text) OWNER TO postgres;

--
-- Name: apply_rls(jsonb, integer); Type: FUNCTION; Schema: realtime; Owner: supabase_admin
--

CREATE FUNCTION realtime.apply_rls(wal jsonb, max_record_bytes integer DEFAULT (1024 * 1024)) RETURNS SETOF realtime.wal_rls
    LANGUAGE plpgsql
    AS $$
declare
-- Regclass of the table e.g. public.notes
entity_ regclass = (quote_ident(wal ->> 'schema') || '.' || quote_ident(wal ->> 'table'))::regclass;

-- I, U, D, T: insert, update ...
action realtime.action = (
    case wal ->> 'action'
        when 'I' then 'INSERT'
        when 'U' then 'UPDATE'
        when 'D' then 'DELETE'
        else 'ERROR'
    end
);

-- Is row level security enabled for the table
is_rls_enabled bool = relrowsecurity from pg_class where oid = entity_;

subscriptions realtime.subscription[] = array_agg(subs)
    from
        realtime.subscription subs
    where
        subs.entity = entity_;

-- Subscription vars
roles regrole[] = array_agg(distinct us.claims_role::text)
    from
        unnest(subscriptions) us;

working_role regrole;
claimed_role regrole;
claims jsonb;

subscription_id uuid;
subscription_has_access bool;
visible_to_subscription_ids uuid[] = '{}';

-- structured info for wal's columns
columns realtime.wal_column[];
-- previous identity values for update/delete
old_columns realtime.wal_column[];

error_record_exceeds_max_size boolean = octet_length(wal::text) > max_record_bytes;

-- Primary jsonb output for record
output jsonb;

begin
perform set_config('role', null, true);

columns =
    array_agg(
        (
            x->>'name',
            x->>'type',
            x->>'typeoid',
            realtime.cast(
                (x->'value') #>> '{}',
                coalesce(
                    (x->>'typeoid')::regtype, -- null when wal2json version <= 2.4
                    (x->>'type')::regtype
                )
            ),
            (pks ->> 'name') is not null,
            true
        )::realtime.wal_column
    )
    from
        jsonb_array_elements(wal -> 'columns') x
        left join jsonb_array_elements(wal -> 'pk') pks
            on (x ->> 'name') = (pks ->> 'name');

old_columns =
    array_agg(
        (
            x->>'name',
            x->>'type',
            x->>'typeoid',
            realtime.cast(
                (x->'value') #>> '{}',
                coalesce(
                    (x->>'typeoid')::regtype, -- null when wal2json version <= 2.4
                    (x->>'type')::regtype
                )
            ),
            (pks ->> 'name') is not null,
            true
        )::realtime.wal_column
    )
    from
        jsonb_array_elements(wal -> 'identity') x
        left join jsonb_array_elements(wal -> 'pk') pks
            on (x ->> 'name') = (pks ->> 'name');

for working_role in select * from unnest(roles) loop

    -- Update `is_selectable` for columns and old_columns
    columns =
        array_agg(
            (
                c.name,
                c.type_name,
                c.type_oid,
                c.value,
                c.is_pkey,
                pg_catalog.has_column_privilege(working_role, entity_, c.name, 'SELECT')
            )::realtime.wal_column
        )
        from
            unnest(columns) c;

    old_columns =
            array_agg(
                (
                    c.name,
                    c.type_name,
                    c.type_oid,
                    c.value,
                    c.is_pkey,
                    pg_catalog.has_column_privilege(working_role, entity_, c.name, 'SELECT')
                )::realtime.wal_column
            )
            from
                unnest(old_columns) c;

    if action <> 'DELETE' and count(1) = 0 from unnest(columns) c where c.is_pkey then
        return next (
            jsonb_build_object(
                'schema', wal ->> 'schema',
                'table', wal ->> 'table',
                'type', action
            ),
            is_rls_enabled,
            -- subscriptions is already filtered by entity
            (select array_agg(s.subscription_id) from unnest(subscriptions) as s where claims_role = working_role),
            array['Error 400: Bad Request, no primary key']
        )::realtime.wal_rls;

    -- The claims role does not have SELECT permission to the primary key of entity
    elsif action <> 'DELETE' and sum(c.is_selectable::int) <> count(1) from unnest(columns) c where c.is_pkey then
        return next (
            jsonb_build_object(
                'schema', wal ->> 'schema',
                'table', wal ->> 'table',
                'type', action
            ),
            is_rls_enabled,
            (select array_agg(s.subscription_id) from unnest(subscriptions) as s where claims_role = working_role),
            array['Error 401: Unauthorized']
        )::realtime.wal_rls;

    else
        output = jsonb_build_object(
            'schema', wal ->> 'schema',
            'table', wal ->> 'table',
            'type', action,
            'commit_timestamp', to_char(
                ((wal ->> 'timestamp')::timestamptz at time zone 'utc'),
                'YYYY-MM-DD"T"HH24:MI:SS.MS"Z"'
            ),
            'columns', (
                select
                    jsonb_agg(
                        jsonb_build_object(
                            'name', pa.attname,
                            'type', pt.typname
                        )
                        order by pa.attnum asc
                    )
                from
                    pg_attribute pa
                    join pg_type pt
                        on pa.atttypid = pt.oid
                where
                    attrelid = entity_
                    and attnum > 0
                    and pg_catalog.has_column_privilege(working_role, entity_, pa.attname, 'SELECT')
            )
        )
        -- Add "record" key for insert and update
        || case
            when action in ('INSERT', 'UPDATE') then
                jsonb_build_object(
                    'record',
                    (
                        select
                            jsonb_object_agg(
                                -- if unchanged toast, get column name and value from old record
                                coalesce((c).name, (oc).name),
                                case
                                    when (c).name is null then (oc).value
                                    else (c).value
                                end
                            )
                        from
                            unnest(columns) c
                            full outer join unnest(old_columns) oc
                                on (c).name = (oc).name
                        where
                            coalesce((c).is_selectable, (oc).is_selectable)
                            and ( not error_record_exceeds_max_size or (octet_length((c).value::text) <= 64))
                    )
                )
            else '{}'::jsonb
        end
        -- Add "old_record" key for update and delete
        || case
            when action = 'UPDATE' then
                jsonb_build_object(
                        'old_record',
                        (
                            select jsonb_object_agg((c).name, (c).value)
                            from unnest(old_columns) c
                            where
                                (c).is_selectable
                                and ( not error_record_exceeds_max_size or (octet_length((c).value::text) <= 64))
                        )
                    )
            when action = 'DELETE' then
                jsonb_build_object(
                    'old_record',
                    (
                        select jsonb_object_agg((c).name, (c).value)
                        from unnest(old_columns) c
                        where
                            (c).is_selectable
                            and ( not error_record_exceeds_max_size or (octet_length((c).value::text) <= 64))
                            and ( not is_rls_enabled or (c).is_pkey ) -- if RLS enabled, we can't secure deletes so filter to pkey
                    )
                )
            else '{}'::jsonb
        end;

        -- Create the prepared statement
        if is_rls_enabled and action <> 'DELETE' then
            if (select 1 from pg_prepared_statements where name = 'walrus_rls_stmt' limit 1) > 0 then
                deallocate walrus_rls_stmt;
            end if;
            execute realtime.build_prepared_statement_sql('walrus_rls_stmt', entity_, columns);
        end if;

        visible_to_subscription_ids = '{}';

        for subscription_id, claims in (
                select
                    subs.subscription_id,
                    subs.claims
                from
                    unnest(subscriptions) subs
                where
                    subs.entity = entity_
                    and subs.claims_role = working_role
                    and (
                        realtime.is_visible_through_filters(columns, subs.filters)
                        or (
                          action = 'DELETE'
                          and realtime.is_visible_through_filters(old_columns, subs.filters)
                        )
                    )
        ) loop

            if not is_rls_enabled or action = 'DELETE' then
                visible_to_subscription_ids = visible_to_subscription_ids || subscription_id;
            else
                -- Check if RLS allows the role to see the record
                perform
                    -- Trim leading and trailing quotes from working_role because set_config
                    -- doesn't recognize the role as valid if they are included
                    set_config('role', trim(both '"' from working_role::text), true),
                    set_config('request.jwt.claims', claims::text, true);

                execute 'execute walrus_rls_stmt' into subscription_has_access;

                if subscription_has_access then
                    visible_to_subscription_ids = visible_to_subscription_ids || subscription_id;
                end if;
            end if;
        end loop;

        perform set_config('role', null, true);

        return next (
            output,
            is_rls_enabled,
            visible_to_subscription_ids,
            case
                when error_record_exceeds_max_size then array['Error 413: Payload Too Large']
                else '{}'
            end
        )::realtime.wal_rls;

    end if;
end loop;

perform set_config('role', null, true);
end;
$$;


ALTER FUNCTION realtime.apply_rls(wal jsonb, max_record_bytes integer) OWNER TO supabase_admin;

--
-- Name: build_prepared_statement_sql(text, regclass, realtime.wal_column[]); Type: FUNCTION; Schema: realtime; Owner: supabase_admin
--

CREATE FUNCTION realtime.build_prepared_statement_sql(prepared_statement_name text, entity regclass, columns realtime.wal_column[]) RETURNS text
    LANGUAGE sql
    AS $$
      /*
      Builds a sql string that, if executed, creates a prepared statement to
      tests retrive a row from *entity* by its primary key columns.
      Example
          select realtime.build_prepared_statement_sql('public.notes', '{"id"}'::text[], '{"bigint"}'::text[])
      */
          select
      'prepare ' || prepared_statement_name || ' as
          select
              exists(
                  select
                      1
                  from
                      ' || entity || '
                  where
                      ' || string_agg(quote_ident(pkc.name) || '=' || quote_nullable(pkc.value #>> '{}') , ' and ') || '
              )'
          from
              unnest(columns) pkc
          where
              pkc.is_pkey
          group by
              entity
      $$;


ALTER FUNCTION realtime.build_prepared_statement_sql(prepared_statement_name text, entity regclass, columns realtime.wal_column[]) OWNER TO supabase_admin;

--
-- Name: cast(text, regtype); Type: FUNCTION; Schema: realtime; Owner: supabase_admin
--

CREATE FUNCTION realtime."cast"(val text, type_ regtype) RETURNS jsonb
    LANGUAGE plpgsql IMMUTABLE
    AS $$
    declare
      res jsonb;
    begin
      execute format('select to_jsonb(%L::'|| type_::text || ')', val)  into res;
      return res;
    end
    $$;


ALTER FUNCTION realtime."cast"(val text, type_ regtype) OWNER TO supabase_admin;

--
-- Name: check_equality_op(realtime.equality_op, regtype, text, text); Type: FUNCTION; Schema: realtime; Owner: supabase_admin
--

CREATE FUNCTION realtime.check_equality_op(op realtime.equality_op, type_ regtype, val_1 text, val_2 text) RETURNS boolean
    LANGUAGE plpgsql IMMUTABLE
    AS $$
      /*
      Casts *val_1* and *val_2* as type *type_* and check the *op* condition for truthiness
      */
      declare
          op_symbol text = (
              case
                  when op = 'eq' then '='
                  when op = 'neq' then '!='
                  when op = 'lt' then '<'
                  when op = 'lte' then '<='
                  when op = 'gt' then '>'
                  when op = 'gte' then '>='
                  when op = 'in' then '= any'
                  else 'UNKNOWN OP'
              end
          );
          res boolean;
      begin
          execute format(
              'select %L::'|| type_::text || ' ' || op_symbol
              || ' ( %L::'
              || (
                  case
                      when op = 'in' then type_::text || '[]'
                      else type_::text end
              )
              || ')', val_1, val_2) into res;
          return res;
      end;
      $$;


ALTER FUNCTION realtime.check_equality_op(op realtime.equality_op, type_ regtype, val_1 text, val_2 text) OWNER TO supabase_admin;

--
-- Name: is_visible_through_filters(realtime.wal_column[], realtime.user_defined_filter[]); Type: FUNCTION; Schema: realtime; Owner: supabase_admin
--

CREATE FUNCTION realtime.is_visible_through_filters(columns realtime.wal_column[], filters realtime.user_defined_filter[]) RETURNS boolean
    LANGUAGE sql IMMUTABLE
    AS $_$
    /*
    Should the record be visible (true) or filtered out (false) after *filters* are applied
    */
        select
            -- Default to allowed when no filters present
            $2 is null -- no filters. this should not happen because subscriptions has a default
            or array_length($2, 1) is null -- array length of an empty array is null
            or bool_and(
                coalesce(
                    realtime.check_equality_op(
                        op:=f.op,
                        type_:=coalesce(
                            col.type_oid::regtype, -- null when wal2json version <= 2.4
                            col.type_name::regtype
                        ),
                        -- cast jsonb to text
                        val_1:=col.value #>> '{}',
                        val_2:=f.value
                    ),
                    false -- if null, filter does not match
                )
            )
        from
            unnest(filters) f
            join unnest(columns) col
                on f.column_name = col.name;
    $_$;


ALTER FUNCTION realtime.is_visible_through_filters(columns realtime.wal_column[], filters realtime.user_defined_filter[]) OWNER TO supabase_admin;

--
-- Name: list_changes(name, name, integer, integer); Type: FUNCTION; Schema: realtime; Owner: supabase_admin
--

CREATE FUNCTION realtime.list_changes(publication name, slot_name name, max_changes integer, max_record_bytes integer) RETURNS SETOF realtime.wal_rls
    LANGUAGE sql
    SET log_min_messages TO 'fatal'
    AS $$
      with pub as (
        select
          concat_ws(
            ',',
            case when bool_or(pubinsert) then 'insert' else null end,
            case when bool_or(pubupdate) then 'update' else null end,
            case when bool_or(pubdelete) then 'delete' else null end
          ) as w2j_actions,
          coalesce(
            string_agg(
              realtime.quote_wal2json(format('%I.%I', schemaname, tablename)::regclass),
              ','
            ) filter (where ppt.tablename is not null and ppt.tablename not like '% %'),
            ''
          ) w2j_add_tables
        from
          pg_publication pp
          left join pg_publication_tables ppt
            on pp.pubname = ppt.pubname
        where
          pp.pubname = publication
        group by
          pp.pubname
        limit 1
      ),
      w2j as (
        select
          x.*, pub.w2j_add_tables
        from
          pub,
          pg_logical_slot_get_changes(
            slot_name, null, max_changes,
            'include-pk', 'true',
            'include-transaction', 'false',
            'include-timestamp', 'true',
            'include-type-oids', 'true',
            'format-version', '2',
            'actions', pub.w2j_actions,
            'add-tables', pub.w2j_add_tables
          ) x
      )
      select
        xyz.wal,
        xyz.is_rls_enabled,
        xyz.subscription_ids,
        xyz.errors
      from
        w2j,
        realtime.apply_rls(
          wal := w2j.data::jsonb,
          max_record_bytes := max_record_bytes
        ) xyz(wal, is_rls_enabled, subscription_ids, errors)
      where
        w2j.w2j_add_tables <> ''
        and xyz.subscription_ids[1] is not null
    $$;


ALTER FUNCTION realtime.list_changes(publication name, slot_name name, max_changes integer, max_record_bytes integer) OWNER TO supabase_admin;

--
-- Name: quote_wal2json(regclass); Type: FUNCTION; Schema: realtime; Owner: supabase_admin
--

CREATE FUNCTION realtime.quote_wal2json(entity regclass) RETURNS text
    LANGUAGE sql IMMUTABLE STRICT
    AS $$
      select
        (
          select string_agg('' || ch,'')
          from unnest(string_to_array(nsp.nspname::text, null)) with ordinality x(ch, idx)
          where
            not (x.idx = 1 and x.ch = '"')
            and not (
              x.idx = array_length(string_to_array(nsp.nspname::text, null), 1)
              and x.ch = '"'
            )
        )
        || '.'
        || (
          select string_agg('' || ch,'')
          from unnest(string_to_array(pc.relname::text, null)) with ordinality x(ch, idx)
          where
            not (x.idx = 1 and x.ch = '"')
            and not (
              x.idx = array_length(string_to_array(nsp.nspname::text, null), 1)
              and x.ch = '"'
            )
          )
      from
        pg_class pc
        join pg_namespace nsp
          on pc.relnamespace = nsp.oid
      where
        pc.oid = entity
    $$;


ALTER FUNCTION realtime.quote_wal2json(entity regclass) OWNER TO supabase_admin;

--
-- Name: subscription_check_filters(); Type: FUNCTION; Schema: realtime; Owner: supabase_admin
--

CREATE FUNCTION realtime.subscription_check_filters() RETURNS trigger
    LANGUAGE plpgsql
    AS $$
    /*
    Validates that the user defined filters for a subscription:
    - refer to valid columns that the claimed role may access
    - values are coercable to the correct column type
    */
    declare
        col_names text[] = coalesce(
                array_agg(c.column_name order by c.ordinal_position),
                '{}'::text[]
            )
            from
                information_schema.columns c
            where
                format('%I.%I', c.table_schema, c.table_name)::regclass = new.entity
                and pg_catalog.has_column_privilege(
                    (new.claims ->> 'role'),
                    format('%I.%I', c.table_schema, c.table_name)::regclass,
                    c.column_name,
                    'SELECT'
                );
        filter realtime.user_defined_filter;
        col_type regtype;

        in_val jsonb;
    begin
        for filter in select * from unnest(new.filters) loop
            -- Filtered column is valid
            if not filter.column_name = any(col_names) then
                raise exception 'invalid column for filter %', filter.column_name;
            end if;

            -- Type is sanitized and safe for string interpolation
            col_type = (
                select atttypid::regtype
                from pg_catalog.pg_attribute
                where attrelid = new.entity
                      and attname = filter.column_name
            );
            if col_type is null then
                raise exception 'failed to lookup type for column %', filter.column_name;
            end if;

            -- Set maximum number of entries for in filter
            if filter.op = 'in'::realtime.equality_op then
                in_val = realtime.cast(filter.value, (col_type::text || '[]')::regtype);
                if coalesce(jsonb_array_length(in_val), 0) > 100 then
                    raise exception 'too many values for `in` filter. Maximum 100';
                end if;
            else
                -- raises an exception if value is not coercable to type
                perform realtime.cast(filter.value, col_type);
            end if;

        end loop;

        -- Apply consistent order to filters so the unique constraint on
        -- (subscription_id, entity, filters) can't be tricked by a different filter order
        new.filters = coalesce(
            array_agg(f order by f.column_name, f.op, f.value),
            '{}'
        ) from unnest(new.filters) f;

        return new;
    end;
    $$;


ALTER FUNCTION realtime.subscription_check_filters() OWNER TO supabase_admin;

--
-- Name: to_regrole(text); Type: FUNCTION; Schema: realtime; Owner: supabase_admin
--

CREATE FUNCTION realtime.to_regrole(role_name text) RETURNS regrole
    LANGUAGE sql IMMUTABLE
    AS $$ select role_name::regrole $$;


ALTER FUNCTION realtime.to_regrole(role_name text) OWNER TO supabase_admin;

--
-- Name: topic(); Type: FUNCTION; Schema: realtime; Owner: supabase_realtime_admin
--

CREATE FUNCTION realtime.topic() RETURNS text
    LANGUAGE sql STABLE
    AS $$
select nullif(current_setting('realtime.topic', true), '')::text;
$$;


ALTER FUNCTION realtime.topic() OWNER TO supabase_realtime_admin;

--
-- Name: can_insert_object(text, text, uuid, jsonb); Type: FUNCTION; Schema: storage; Owner: supabase_storage_admin
--

CREATE FUNCTION storage.can_insert_object(bucketid text, name text, owner uuid, metadata jsonb) RETURNS void
    LANGUAGE plpgsql
    AS $$
BEGIN
  INSERT INTO "storage"."objects" ("bucket_id", "name", "owner", "metadata") VALUES (bucketid, name, owner, metadata);
  -- hack to rollback the successful insert
  RAISE sqlstate 'PT200' using
  message = 'ROLLBACK',
  detail = 'rollback successful insert';
END
$$;


ALTER FUNCTION storage.can_insert_object(bucketid text, name text, owner uuid, metadata jsonb) OWNER TO supabase_storage_admin;

--
-- Name: extension(text); Type: FUNCTION; Schema: storage; Owner: supabase_storage_admin
--

CREATE FUNCTION storage.extension(name text) RETURNS text
    LANGUAGE plpgsql
    AS $$
DECLARE
_parts text[];
_filename text;
BEGIN
	select string_to_array(name, '/') into _parts;
	select _parts[array_length(_parts,1)] into _filename;
	-- @todo return the last part instead of 2
	return reverse(split_part(reverse(_filename), '.', 1));
END
$$;


ALTER FUNCTION storage.extension(name text) OWNER TO supabase_storage_admin;

--
-- Name: filename(text); Type: FUNCTION; Schema: storage; Owner: supabase_storage_admin
--

CREATE FUNCTION storage.filename(name text) RETURNS text
    LANGUAGE plpgsql
    AS $$
DECLARE
_parts text[];
BEGIN
	select string_to_array(name, '/') into _parts;
	return _parts[array_length(_parts,1)];
END
$$;


ALTER FUNCTION storage.filename(name text) OWNER TO supabase_storage_admin;

--
-- Name: foldername(text); Type: FUNCTION; Schema: storage; Owner: supabase_storage_admin
--

CREATE FUNCTION storage.foldername(name text) RETURNS text[]
    LANGUAGE plpgsql
    AS $$
DECLARE
_parts text[];
BEGIN
	select string_to_array(name, '/') into _parts;
	return _parts[1:array_length(_parts,1)-1];
END
$$;


ALTER FUNCTION storage.foldername(name text) OWNER TO supabase_storage_admin;

--
-- Name: get_size_by_bucket(); Type: FUNCTION; Schema: storage; Owner: supabase_storage_admin
--

CREATE FUNCTION storage.get_size_by_bucket() RETURNS TABLE(size bigint, bucket_id text)
    LANGUAGE plpgsql
    AS $$
BEGIN
    return query
        select sum((metadata->>'size')::int) as size, obj.bucket_id
        from "storage".objects as obj
        group by obj.bucket_id;
END
$$;


ALTER FUNCTION storage.get_size_by_bucket() OWNER TO supabase_storage_admin;

--
-- Name: list_multipart_uploads_with_delimiter(text, text, text, integer, text, text); Type: FUNCTION; Schema: storage; Owner: supabase_storage_admin
--

CREATE FUNCTION storage.list_multipart_uploads_with_delimiter(bucket_id text, prefix_param text, delimiter_param text, max_keys integer DEFAULT 100, next_key_token text DEFAULT ''::text, next_upload_token text DEFAULT ''::text) RETURNS TABLE(key text, id text, created_at timestamp with time zone)
    LANGUAGE plpgsql
    AS $_$
BEGIN
    RETURN QUERY EXECUTE
        'SELECT DISTINCT ON(key COLLATE "C") * from (
            SELECT
                CASE
                    WHEN position($2 IN substring(key from length($1) + 1)) > 0 THEN
                        substring(key from 1 for length($1) + position($2 IN substring(key from length($1) + 1)))
                    ELSE
                        key
                END AS key, id, created_at
            FROM
                storage.s3_multipart_uploads
            WHERE
                bucket_id = $5 AND
                key ILIKE $1 || ''%'' AND
                CASE
                    WHEN $4 != '''' AND $6 = '''' THEN
                        CASE
                            WHEN position($2 IN substring(key from length($1) + 1)) > 0 THEN
                                substring(key from 1 for length($1) + position($2 IN substring(key from length($1) + 1))) COLLATE "C" > $4
                            ELSE
                                key COLLATE "C" > $4
                            END
                    ELSE
                        true
                END AND
                CASE
                    WHEN $6 != '''' THEN
                        id COLLATE "C" > $6
                    ELSE
                        true
                    END
            ORDER BY
                key COLLATE "C" ASC, created_at ASC) as e order by key COLLATE "C" LIMIT $3'
        USING prefix_param, delimiter_param, max_keys, next_key_token, bucket_id, next_upload_token;
END;
$_$;


ALTER FUNCTION storage.list_multipart_uploads_with_delimiter(bucket_id text, prefix_param text, delimiter_param text, max_keys integer, next_key_token text, next_upload_token text) OWNER TO supabase_storage_admin;

--
-- Name: list_objects_with_delimiter(text, text, text, integer, text, text); Type: FUNCTION; Schema: storage; Owner: supabase_storage_admin
--

CREATE FUNCTION storage.list_objects_with_delimiter(bucket_id text, prefix_param text, delimiter_param text, max_keys integer DEFAULT 100, start_after text DEFAULT ''::text, next_token text DEFAULT ''::text) RETURNS TABLE(name text, id uuid, metadata jsonb, updated_at timestamp with time zone)
    LANGUAGE plpgsql
    AS $_$
BEGIN
    RETURN QUERY EXECUTE
        'SELECT DISTINCT ON(name COLLATE "C") * from (
            SELECT
                CASE
                    WHEN position($2 IN substring(name from length($1) + 1)) > 0 THEN
                        substring(name from 1 for length($1) + position($2 IN substring(name from length($1) + 1)))
                    ELSE
                        name
                END AS name, id, metadata, updated_at
            FROM
                storage.objects
            WHERE
                bucket_id = $5 AND
                name ILIKE $1 || ''%'' AND
                CASE
                    WHEN $6 != '''' THEN
                    name COLLATE "C" > $6
                ELSE true END
                AND CASE
                    WHEN $4 != '''' THEN
                        CASE
                            WHEN position($2 IN substring(name from length($1) + 1)) > 0 THEN
                                substring(name from 1 for length($1) + position($2 IN substring(name from length($1) + 1))) COLLATE "C" > $4
                            ELSE
                                name COLLATE "C" > $4
                            END
                    ELSE
                        true
                END
            ORDER BY
                name COLLATE "C" ASC) as e order by name COLLATE "C" LIMIT $3'
        USING prefix_param, delimiter_param, max_keys, next_token, bucket_id, start_after;
END;
$_$;


ALTER FUNCTION storage.list_objects_with_delimiter(bucket_id text, prefix_param text, delimiter_param text, max_keys integer, start_after text, next_token text) OWNER TO supabase_storage_admin;

--
-- Name: operation(); Type: FUNCTION; Schema: storage; Owner: supabase_storage_admin
--

CREATE FUNCTION storage.operation() RETURNS text
    LANGUAGE plpgsql STABLE
    AS $$
BEGIN
    RETURN current_setting('storage.operation', true);
END;
$$;


ALTER FUNCTION storage.operation() OWNER TO supabase_storage_admin;

--
-- Name: search(text, text, integer, integer, integer, text, text, text); Type: FUNCTION; Schema: storage; Owner: supabase_storage_admin
--

CREATE FUNCTION storage.search(prefix text, bucketname text, limits integer DEFAULT 100, levels integer DEFAULT 1, offsets integer DEFAULT 0, search text DEFAULT ''::text, sortcolumn text DEFAULT 'name'::text, sortorder text DEFAULT 'asc'::text) RETURNS TABLE(name text, id uuid, updated_at timestamp with time zone, created_at timestamp with time zone, last_accessed_at timestamp with time zone, metadata jsonb)
    LANGUAGE plpgsql STABLE
    AS $_$
declare
  v_order_by text;
  v_sort_order text;
begin
  case
    when sortcolumn = 'name' then
      v_order_by = 'name';
    when sortcolumn = 'updated_at' then
      v_order_by = 'updated_at';
    when sortcolumn = 'created_at' then
      v_order_by = 'created_at';
    when sortcolumn = 'last_accessed_at' then
      v_order_by = 'last_accessed_at';
    else
      v_order_by = 'name';
  end case;

  case
    when sortorder = 'asc' then
      v_sort_order = 'asc';
    when sortorder = 'desc' then
      v_sort_order = 'desc';
    else
      v_sort_order = 'asc';
  end case;

  v_order_by = v_order_by || ' ' || v_sort_order;

  return query execute
    'with folders as (
       select path_tokens[$1] as folder
       from storage.objects
         where objects.name ilike $2 || $3 || ''%''
           and bucket_id = $4
           and array_length(objects.path_tokens, 1) <> $1
       group by folder
       order by folder ' || v_sort_order || '
     )
     (select folder as "name",
            null as id,
            null as updated_at,
            null as created_at,
            null as last_accessed_at,
            null as metadata from folders)
     union all
     (select path_tokens[$1] as "name",
            id,
            updated_at,
            created_at,
            last_accessed_at,
            metadata
     from storage.objects
     where objects.name ilike $2 || $3 || ''%''
       and bucket_id = $4
       and array_length(objects.path_tokens, 1) = $1
     order by ' || v_order_by || ')
     limit $5
     offset $6' using levels, prefix, search, bucketname, limits, offsets;
end;
$_$;


ALTER FUNCTION storage.search(prefix text, bucketname text, limits integer, levels integer, offsets integer, search text, sortcolumn text, sortorder text) OWNER TO supabase_storage_admin;

--
-- Name: update_updated_at_column(); Type: FUNCTION; Schema: storage; Owner: supabase_storage_admin
--

CREATE FUNCTION storage.update_updated_at_column() RETURNS trigger
    LANGUAGE plpgsql
    AS $$
BEGIN
    NEW.updated_at = now();
    RETURN NEW; 
END;
$$;


ALTER FUNCTION storage.update_updated_at_column() OWNER TO supabase_storage_admin;

--
-- Name: secrets_encrypt_secret_secret(); Type: FUNCTION; Schema: vault; Owner: supabase_admin
--

CREATE FUNCTION vault.secrets_encrypt_secret_secret() RETURNS trigger
    LANGUAGE plpgsql
    AS $$
		BEGIN
		        new.secret = CASE WHEN new.secret IS NULL THEN NULL ELSE
			CASE WHEN new.key_id IS NULL THEN NULL ELSE pg_catalog.encode(
			  pgsodium.crypto_aead_det_encrypt(
				pg_catalog.convert_to(new.secret, 'utf8'),
				pg_catalog.convert_to((new.id::text || new.description::text || new.created_at::text || new.updated_at::text)::text, 'utf8'),
				new.key_id::uuid,
				new.nonce
			  ),
				'base64') END END;
		RETURN new;
		END;
		$$;


ALTER FUNCTION vault.secrets_encrypt_secret_secret() OWNER TO supabase_admin;

SET default_tablespace = '';

SET default_table_access_method = heap;

--
-- Name: audit_log_entries; Type: TABLE; Schema: auth; Owner: supabase_auth_admin
--

CREATE TABLE auth.audit_log_entries (
    instance_id uuid,
    id uuid NOT NULL,
    payload json,
    created_at timestamp with time zone,
    ip_address character varying(64) DEFAULT ''::character varying NOT NULL
);


ALTER TABLE auth.audit_log_entries OWNER TO supabase_auth_admin;

--
-- Name: TABLE audit_log_entries; Type: COMMENT; Schema: auth; Owner: supabase_auth_admin
--

COMMENT ON TABLE auth.audit_log_entries IS 'Auth: Audit trail for user actions.';


--
-- Name: flow_state; Type: TABLE; Schema: auth; Owner: supabase_auth_admin
--

CREATE TABLE auth.flow_state (
    id uuid NOT NULL,
    user_id uuid,
    auth_code text NOT NULL,
    code_challenge_method auth.code_challenge_method NOT NULL,
    code_challenge text NOT NULL,
    provider_type text NOT NULL,
    provider_access_token text,
    provider_refresh_token text,
    created_at timestamp with time zone,
    updated_at timestamp with time zone,
    authentication_method text NOT NULL,
    auth_code_issued_at timestamp with time zone
);


ALTER TABLE auth.flow_state OWNER TO supabase_auth_admin;

--
-- Name: TABLE flow_state; Type: COMMENT; Schema: auth; Owner: supabase_auth_admin
--

COMMENT ON TABLE auth.flow_state IS 'stores metadata for pkce logins';


--
-- Name: identities; Type: TABLE; Schema: auth; Owner: supabase_auth_admin
--

CREATE TABLE auth.identities (
    provider_id text NOT NULL,
    user_id uuid NOT NULL,
    identity_data jsonb NOT NULL,
    provider text NOT NULL,
    last_sign_in_at timestamp with time zone,
    created_at timestamp with time zone,
    updated_at timestamp with time zone,
    email text GENERATED ALWAYS AS (lower((identity_data ->> 'email'::text))) STORED,
    id uuid DEFAULT gen_random_uuid() NOT NULL
);


ALTER TABLE auth.identities OWNER TO supabase_auth_admin;

--
-- Name: TABLE identities; Type: COMMENT; Schema: auth; Owner: supabase_auth_admin
--

COMMENT ON TABLE auth.identities IS 'Auth: Stores identities associated to a user.';


--
-- Name: COLUMN identities.email; Type: COMMENT; Schema: auth; Owner: supabase_auth_admin
--

COMMENT ON COLUMN auth.identities.email IS 'Auth: Email is a generated column that references the optional email property in the identity_data';


--
-- Name: instances; Type: TABLE; Schema: auth; Owner: supabase_auth_admin
--

CREATE TABLE auth.instances (
    id uuid NOT NULL,
    uuid uuid,
    raw_base_config text,
    created_at timestamp with time zone,
    updated_at timestamp with time zone
);


ALTER TABLE auth.instances OWNER TO supabase_auth_admin;

--
-- Name: TABLE instances; Type: COMMENT; Schema: auth; Owner: supabase_auth_admin
--

COMMENT ON TABLE auth.instances IS 'Auth: Manages users across multiple sites.';


--
-- Name: mfa_amr_claims; Type: TABLE; Schema: auth; Owner: supabase_auth_admin
--

CREATE TABLE auth.mfa_amr_claims (
    session_id uuid NOT NULL,
    created_at timestamp with time zone NOT NULL,
    updated_at timestamp with time zone NOT NULL,
    authentication_method text NOT NULL,
    id uuid NOT NULL
);


ALTER TABLE auth.mfa_amr_claims OWNER TO supabase_auth_admin;

--
-- Name: TABLE mfa_amr_claims; Type: COMMENT; Schema: auth; Owner: supabase_auth_admin
--

COMMENT ON TABLE auth.mfa_amr_claims IS 'auth: stores authenticator method reference claims for multi factor authentication';


--
-- Name: mfa_challenges; Type: TABLE; Schema: auth; Owner: supabase_auth_admin
--

CREATE TABLE auth.mfa_challenges (
    id uuid NOT NULL,
    factor_id uuid NOT NULL,
    created_at timestamp with time zone NOT NULL,
    verified_at timestamp with time zone,
    ip_address inet NOT NULL,
    otp_code text,
    web_authn_session_data jsonb
);


ALTER TABLE auth.mfa_challenges OWNER TO supabase_auth_admin;

--
-- Name: TABLE mfa_challenges; Type: COMMENT; Schema: auth; Owner: supabase_auth_admin
--

COMMENT ON TABLE auth.mfa_challenges IS 'auth: stores metadata about challenge requests made';


--
-- Name: mfa_factors; Type: TABLE; Schema: auth; Owner: supabase_auth_admin
--

CREATE TABLE auth.mfa_factors (
    id uuid NOT NULL,
    user_id uuid NOT NULL,
    friendly_name text,
    factor_type auth.factor_type NOT NULL,
    status auth.factor_status NOT NULL,
    created_at timestamp with time zone NOT NULL,
    updated_at timestamp with time zone NOT NULL,
    secret text,
    phone text,
    last_challenged_at timestamp with time zone,
    web_authn_credential jsonb,
    web_authn_aaguid uuid
);


ALTER TABLE auth.mfa_factors OWNER TO supabase_auth_admin;

--
-- Name: TABLE mfa_factors; Type: COMMENT; Schema: auth; Owner: supabase_auth_admin
--

COMMENT ON TABLE auth.mfa_factors IS 'auth: stores metadata about factors';


--
-- Name: one_time_tokens; Type: TABLE; Schema: auth; Owner: supabase_auth_admin
--

CREATE TABLE auth.one_time_tokens (
    id uuid NOT NULL,
    user_id uuid NOT NULL,
    token_type auth.one_time_token_type NOT NULL,
    token_hash text NOT NULL,
    relates_to text NOT NULL,
    created_at timestamp without time zone DEFAULT now() NOT NULL,
    updated_at timestamp without time zone DEFAULT now() NOT NULL,
    CONSTRAINT one_time_tokens_token_hash_check CHECK ((char_length(token_hash) > 0))
);


ALTER TABLE auth.one_time_tokens OWNER TO supabase_auth_admin;

--
-- Name: refresh_tokens; Type: TABLE; Schema: auth; Owner: supabase_auth_admin
--

CREATE TABLE auth.refresh_tokens (
    instance_id uuid,
    id bigint NOT NULL,
    token character varying(255),
    user_id character varying(255),
    revoked boolean,
    created_at timestamp with time zone,
    updated_at timestamp with time zone,
    parent character varying(255),
    session_id uuid
);


ALTER TABLE auth.refresh_tokens OWNER TO supabase_auth_admin;

--
-- Name: TABLE refresh_tokens; Type: COMMENT; Schema: auth; Owner: supabase_auth_admin
--

COMMENT ON TABLE auth.refresh_tokens IS 'Auth: Store of tokens used to refresh JWT tokens once they expire.';


--
-- Name: refresh_tokens_id_seq; Type: SEQUENCE; Schema: auth; Owner: supabase_auth_admin
--

CREATE SEQUENCE auth.refresh_tokens_id_seq
    START WITH 1
    INCREMENT BY 1
    NO MINVALUE
    NO MAXVALUE
    CACHE 1;


ALTER TABLE auth.refresh_tokens_id_seq OWNER TO supabase_auth_admin;

--
-- Name: refresh_tokens_id_seq; Type: SEQUENCE OWNED BY; Schema: auth; Owner: supabase_auth_admin
--

ALTER SEQUENCE auth.refresh_tokens_id_seq OWNED BY auth.refresh_tokens.id;


--
-- Name: saml_providers; Type: TABLE; Schema: auth; Owner: supabase_auth_admin
--

CREATE TABLE auth.saml_providers (
    id uuid NOT NULL,
    sso_provider_id uuid NOT NULL,
    entity_id text NOT NULL,
    metadata_xml text NOT NULL,
    metadata_url text,
    attribute_mapping jsonb,
    created_at timestamp with time zone,
    updated_at timestamp with time zone,
    name_id_format text,
    CONSTRAINT "entity_id not empty" CHECK ((char_length(entity_id) > 0)),
    CONSTRAINT "metadata_url not empty" CHECK (((metadata_url = NULL::text) OR (char_length(metadata_url) > 0))),
    CONSTRAINT "metadata_xml not empty" CHECK ((char_length(metadata_xml) > 0))
);


ALTER TABLE auth.saml_providers OWNER TO supabase_auth_admin;

--
-- Name: TABLE saml_providers; Type: COMMENT; Schema: auth; Owner: supabase_auth_admin
--

COMMENT ON TABLE auth.saml_providers IS 'Auth: Manages SAML Identity Provider connections.';


--
-- Name: saml_relay_states; Type: TABLE; Schema: auth; Owner: supabase_auth_admin
--

CREATE TABLE auth.saml_relay_states (
    id uuid NOT NULL,
    sso_provider_id uuid NOT NULL,
    request_id text NOT NULL,
    for_email text,
    redirect_to text,
    created_at timestamp with time zone,
    updated_at timestamp with time zone,
    flow_state_id uuid,
    CONSTRAINT "request_id not empty" CHECK ((char_length(request_id) > 0))
);


ALTER TABLE auth.saml_relay_states OWNER TO supabase_auth_admin;

--
-- Name: TABLE saml_relay_states; Type: COMMENT; Schema: auth; Owner: supabase_auth_admin
--

COMMENT ON TABLE auth.saml_relay_states IS 'Auth: Contains SAML Relay State information for each Service Provider initiated login.';


--
-- Name: schema_migrations; Type: TABLE; Schema: auth; Owner: supabase_auth_admin
--

CREATE TABLE auth.schema_migrations (
    version character varying(255) NOT NULL
);


ALTER TABLE auth.schema_migrations OWNER TO supabase_auth_admin;

--
-- Name: TABLE schema_migrations; Type: COMMENT; Schema: auth; Owner: supabase_auth_admin
--

COMMENT ON TABLE auth.schema_migrations IS 'Auth: Manages updates to the auth system.';


--
-- Name: sessions; Type: TABLE; Schema: auth; Owner: supabase_auth_admin
--

CREATE TABLE auth.sessions (
    id uuid NOT NULL,
    user_id uuid NOT NULL,
    created_at timestamp with time zone,
    updated_at timestamp with time zone,
    factor_id uuid,
    aal auth.aal_level,
    not_after timestamp with time zone,
    refreshed_at timestamp without time zone,
    user_agent text,
    ip inet,
    tag text
);


ALTER TABLE auth.sessions OWNER TO supabase_auth_admin;

--
-- Name: TABLE sessions; Type: COMMENT; Schema: auth; Owner: supabase_auth_admin
--

COMMENT ON TABLE auth.sessions IS 'Auth: Stores session data associated to a user.';


--
-- Name: COLUMN sessions.not_after; Type: COMMENT; Schema: auth; Owner: supabase_auth_admin
--

COMMENT ON COLUMN auth.sessions.not_after IS 'Auth: Not after is a nullable column that contains a timestamp after which the session should be regarded as expired.';


--
-- Name: sso_domains; Type: TABLE; Schema: auth; Owner: supabase_auth_admin
--

CREATE TABLE auth.sso_domains (
    id uuid NOT NULL,
    sso_provider_id uuid NOT NULL,
    domain text NOT NULL,
    created_at timestamp with time zone,
    updated_at timestamp with time zone,
    CONSTRAINT "domain not empty" CHECK ((char_length(domain) > 0))
);


ALTER TABLE auth.sso_domains OWNER TO supabase_auth_admin;

--
-- Name: TABLE sso_domains; Type: COMMENT; Schema: auth; Owner: supabase_auth_admin
--

COMMENT ON TABLE auth.sso_domains IS 'Auth: Manages SSO email address domain mapping to an SSO Identity Provider.';


--
-- Name: sso_providers; Type: TABLE; Schema: auth; Owner: supabase_auth_admin
--

CREATE TABLE auth.sso_providers (
    id uuid NOT NULL,
    resource_id text,
    created_at timestamp with time zone,
    updated_at timestamp with time zone,
    CONSTRAINT "resource_id not empty" CHECK (((resource_id = NULL::text) OR (char_length(resource_id) > 0)))
);


ALTER TABLE auth.sso_providers OWNER TO supabase_auth_admin;

--
-- Name: TABLE sso_providers; Type: COMMENT; Schema: auth; Owner: supabase_auth_admin
--

COMMENT ON TABLE auth.sso_providers IS 'Auth: Manages SSO identity provider information; see saml_providers for SAML.';


--
-- Name: COLUMN sso_providers.resource_id; Type: COMMENT; Schema: auth; Owner: supabase_auth_admin
--

COMMENT ON COLUMN auth.sso_providers.resource_id IS 'Auth: Uniquely identifies a SSO provider according to a user-chosen resource ID (case insensitive), useful in infrastructure as code.';


--
-- Name: users; Type: TABLE; Schema: auth; Owner: supabase_auth_admin
--

CREATE TABLE auth.users (
    instance_id uuid,
    id uuid NOT NULL,
    aud character varying(255),
    role character varying(255),
    email character varying(255),
    encrypted_password character varying(255),
    email_confirmed_at timestamp with time zone,
    invited_at timestamp with time zone,
    confirmation_token character varying(255),
    confirmation_sent_at timestamp with time zone,
    recovery_token character varying(255),
    recovery_sent_at timestamp with time zone,
    email_change_token_new character varying(255),
    email_change character varying(255),
    email_change_sent_at timestamp with time zone,
    last_sign_in_at timestamp with time zone,
    raw_app_meta_data jsonb,
    raw_user_meta_data jsonb,
    is_super_admin boolean,
    created_at timestamp with time zone,
    updated_at timestamp with time zone,
    phone text DEFAULT NULL::character varying,
    phone_confirmed_at timestamp with time zone,
    phone_change text DEFAULT ''::character varying,
    phone_change_token character varying(255) DEFAULT ''::character varying,
    phone_change_sent_at timestamp with time zone,
    confirmed_at timestamp with time zone GENERATED ALWAYS AS (LEAST(email_confirmed_at, phone_confirmed_at)) STORED,
    email_change_token_current character varying(255) DEFAULT ''::character varying,
    email_change_confirm_status smallint DEFAULT 0,
    banned_until timestamp with time zone,
    reauthentication_token character varying(255) DEFAULT ''::character varying,
    reauthentication_sent_at timestamp with time zone,
    is_sso_user boolean DEFAULT false NOT NULL,
    deleted_at timestamp with time zone,
    is_anonymous boolean DEFAULT false NOT NULL,
    CONSTRAINT users_email_change_confirm_status_check CHECK (((email_change_confirm_status >= 0) AND (email_change_confirm_status <= 2)))
);


ALTER TABLE auth.users OWNER TO supabase_auth_admin;

--
-- Name: TABLE users; Type: COMMENT; Schema: auth; Owner: supabase_auth_admin
--

COMMENT ON TABLE auth.users IS 'Auth: Stores user login data within a secure schema.';


--
-- Name: COLUMN users.is_sso_user; Type: COMMENT; Schema: auth; Owner: supabase_auth_admin
--

COMMENT ON COLUMN auth.users.is_sso_user IS 'Auth: Set this column to true when the account comes from SSO. These accounts can have duplicate emails.';


--
-- Name: bookings; Type: TABLE; Schema: public; Owner: postgres
--

CREATE TABLE public.bookings (
    id bigint NOT NULL,
    created_at timestamp with time zone DEFAULT now() NOT NULL,
    "startDate" timestamp without time zone,
    "endDate" timestamp without time zone,
    "numNights" smallint,
    "numGuests" smallint,
    "cabinPrice" real,
    "extrasPrice" real,
    "totalPrice" real,
    status text,
    "hasBreakfast" boolean,
    "isPaid" boolean,
    observations text,
    "cabinId" bigint,
    "guestId" bigint
);


ALTER TABLE public.bookings OWNER TO postgres;

--
-- Name: bookings_id_seq; Type: SEQUENCE; Schema: public; Owner: postgres
--

ALTER TABLE public.bookings ALTER COLUMN id ADD GENERATED BY DEFAULT AS IDENTITY (
    SEQUENCE NAME public.bookings_id_seq
    START WITH 1
    INCREMENT BY 1
    NO MINVALUE
    NO MAXVALUE
    CACHE 1
);


--
-- Name: cabins; Type: TABLE; Schema: public; Owner: postgres
--

CREATE TABLE public.cabins (
    id bigint NOT NULL,
    created_at timestamp with time zone DEFAULT now() NOT NULL,
    name text,
    "maxCapacity" smallint,
    "regularPrice" smallint,
    discount smallint,
    description text,
    image text
);


ALTER TABLE public.cabins OWNER TO postgres;

--
-- Name: cabins_id_seq; Type: SEQUENCE; Schema: public; Owner: postgres
--

ALTER TABLE public.cabins ALTER COLUMN id ADD GENERATED BY DEFAULT AS IDENTITY (
    SEQUENCE NAME public.cabins_id_seq
    START WITH 1
    INCREMENT BY 1
    NO MINVALUE
    NO MAXVALUE
    CACHE 1
);


--
-- Name: guests; Type: TABLE; Schema: public; Owner: postgres
--

CREATE TABLE public.guests (
    id bigint NOT NULL,
    created_at timestamp with time zone DEFAULT now() NOT NULL,
    "fullName" text,
    email text,
    "nationalID" text,
    nationality text,
    "countryFlag" text
);


ALTER TABLE public.guests OWNER TO postgres;

--
-- Name: guests_id_seq; Type: SEQUENCE; Schema: public; Owner: postgres
--

ALTER TABLE public.guests ALTER COLUMN id ADD GENERATED BY DEFAULT AS IDENTITY (
    SEQUENCE NAME public.guests_id_seq
    START WITH 1
    INCREMENT BY 1
    NO MINVALUE
    NO MAXVALUE
    CACHE 1
);


--
-- Name: settings; Type: TABLE; Schema: public; Owner: postgres
--

CREATE TABLE public.settings (
    id bigint NOT NULL,
    created_at timestamp with time zone DEFAULT now() NOT NULL,
    "minBookingLength" smallint,
    "maxBookingLength" smallint,
    "maxGuestsPerBooking" smallint,
    "breakfastPrice" real
);


ALTER TABLE public.settings OWNER TO postgres;

--
-- Name: settings_id_seq; Type: SEQUENCE; Schema: public; Owner: postgres
--

ALTER TABLE public.settings ALTER COLUMN id ADD GENERATED BY DEFAULT AS IDENTITY (
    SEQUENCE NAME public.settings_id_seq
    START WITH 1
    INCREMENT BY 1
    NO MINVALUE
    NO MAXVALUE
    CACHE 1
);


--
-- Name: messages; Type: TABLE; Schema: realtime; Owner: supabase_realtime_admin
--

CREATE TABLE realtime.messages (
    id bigint NOT NULL,
    topic text NOT NULL,
    extension text NOT NULL,
    inserted_at timestamp(0) without time zone NOT NULL,
    updated_at timestamp(0) without time zone NOT NULL
);


ALTER TABLE realtime.messages OWNER TO supabase_realtime_admin;

--
-- Name: messages_id_seq; Type: SEQUENCE; Schema: realtime; Owner: supabase_realtime_admin
--

CREATE SEQUENCE realtime.messages_id_seq
    START WITH 1
    INCREMENT BY 1
    NO MINVALUE
    NO MAXVALUE
    CACHE 1;


ALTER TABLE realtime.messages_id_seq OWNER TO supabase_realtime_admin;

--
-- Name: messages_id_seq; Type: SEQUENCE OWNED BY; Schema: realtime; Owner: supabase_realtime_admin
--

ALTER SEQUENCE realtime.messages_id_seq OWNED BY realtime.messages.id;


--
-- Name: schema_migrations; Type: TABLE; Schema: realtime; Owner: supabase_admin
--

CREATE TABLE realtime.schema_migrations (
    version bigint NOT NULL,
    inserted_at timestamp(0) without time zone
);


ALTER TABLE realtime.schema_migrations OWNER TO supabase_admin;

--
-- Name: subscription; Type: TABLE; Schema: realtime; Owner: supabase_admin
--

CREATE TABLE realtime.subscription (
    id bigint NOT NULL,
    subscription_id uuid NOT NULL,
    entity regclass NOT NULL,
    filters realtime.user_defined_filter[] DEFAULT '{}'::realtime.user_defined_filter[] NOT NULL,
    claims jsonb NOT NULL,
    claims_role regrole GENERATED ALWAYS AS (realtime.to_regrole((claims ->> 'role'::text))) STORED NOT NULL,
    created_at timestamp without time zone DEFAULT timezone('utc'::text, now()) NOT NULL
);


ALTER TABLE realtime.subscription OWNER TO supabase_admin;

--
-- Name: subscription_id_seq; Type: SEQUENCE; Schema: realtime; Owner: supabase_admin
--

ALTER TABLE realtime.subscription ALTER COLUMN id ADD GENERATED ALWAYS AS IDENTITY (
    SEQUENCE NAME realtime.subscription_id_seq
    START WITH 1
    INCREMENT BY 1
    NO MINVALUE
    NO MAXVALUE
    CACHE 1
);


--
-- Name: buckets; Type: TABLE; Schema: storage; Owner: supabase_storage_admin
--

CREATE TABLE storage.buckets (
    id text NOT NULL,
    name text NOT NULL,
    owner uuid,
    created_at timestamp with time zone DEFAULT now(),
    updated_at timestamp with time zone DEFAULT now(),
    public boolean DEFAULT false,
    avif_autodetection boolean DEFAULT false,
    file_size_limit bigint,
    allowed_mime_types text[],
    owner_id text
);


ALTER TABLE storage.buckets OWNER TO supabase_storage_admin;

--
-- Name: COLUMN buckets.owner; Type: COMMENT; Schema: storage; Owner: supabase_storage_admin
--

COMMENT ON COLUMN storage.buckets.owner IS 'Field is deprecated, use owner_id instead';


--
-- Name: migrations; Type: TABLE; Schema: storage; Owner: supabase_storage_admin
--

CREATE TABLE storage.migrations (
    id integer NOT NULL,
    name character varying(100) NOT NULL,
    hash character varying(40) NOT NULL,
    executed_at timestamp without time zone DEFAULT CURRENT_TIMESTAMP
);


ALTER TABLE storage.migrations OWNER TO supabase_storage_admin;

--
-- Name: objects; Type: TABLE; Schema: storage; Owner: supabase_storage_admin
--

CREATE TABLE storage.objects (
    id uuid DEFAULT gen_random_uuid() NOT NULL,
    bucket_id text,
    name text,
    owner uuid,
    created_at timestamp with time zone DEFAULT now(),
    updated_at timestamp with time zone DEFAULT now(),
    last_accessed_at timestamp with time zone DEFAULT now(),
    metadata jsonb,
    path_tokens text[] GENERATED ALWAYS AS (string_to_array(name, '/'::text)) STORED,
    version text,
    owner_id text,
    user_metadata jsonb
);


ALTER TABLE storage.objects OWNER TO supabase_storage_admin;

--
-- Name: COLUMN objects.owner; Type: COMMENT; Schema: storage; Owner: supabase_storage_admin
--

COMMENT ON COLUMN storage.objects.owner IS 'Field is deprecated, use owner_id instead';


--
-- Name: s3_multipart_uploads; Type: TABLE; Schema: storage; Owner: supabase_storage_admin
--

CREATE TABLE storage.s3_multipart_uploads (
    id text NOT NULL,
    in_progress_size bigint DEFAULT 0 NOT NULL,
    upload_signature text NOT NULL,
    bucket_id text NOT NULL,
    key text NOT NULL COLLATE pg_catalog."C",
    version text NOT NULL,
    owner_id text,
    created_at timestamp with time zone DEFAULT now() NOT NULL,
    user_metadata jsonb
);


ALTER TABLE storage.s3_multipart_uploads OWNER TO supabase_storage_admin;

--
-- Name: s3_multipart_uploads_parts; Type: TABLE; Schema: storage; Owner: supabase_storage_admin
--

CREATE TABLE storage.s3_multipart_uploads_parts (
    id uuid DEFAULT gen_random_uuid() NOT NULL,
    upload_id text NOT NULL,
    size bigint DEFAULT 0 NOT NULL,
    part_number integer NOT NULL,
    bucket_id text NOT NULL,
    key text NOT NULL COLLATE pg_catalog."C",
    etag text NOT NULL,
    owner_id text,
    version text NOT NULL,
    created_at timestamp with time zone DEFAULT now() NOT NULL
);


ALTER TABLE storage.s3_multipart_uploads_parts OWNER TO supabase_storage_admin;

--
-- Name: decrypted_secrets; Type: VIEW; Schema: vault; Owner: supabase_admin
--

CREATE VIEW vault.decrypted_secrets AS
 SELECT secrets.id,
    secrets.name,
    secrets.description,
    secrets.secret,
        CASE
            WHEN (secrets.secret IS NULL) THEN NULL::text
            ELSE
            CASE
                WHEN (secrets.key_id IS NULL) THEN NULL::text
                ELSE convert_from(pgsodium.crypto_aead_det_decrypt(decode(secrets.secret, 'base64'::text), convert_to(((((secrets.id)::text || secrets.description) || (secrets.created_at)::text) || (secrets.updated_at)::text), 'utf8'::name), secrets.key_id, secrets.nonce), 'utf8'::name)
            END
        END AS decrypted_secret,
    secrets.key_id,
    secrets.nonce,
    secrets.created_at,
    secrets.updated_at
   FROM vault.secrets;


ALTER TABLE vault.decrypted_secrets OWNER TO supabase_admin;

--
-- Name: refresh_tokens id; Type: DEFAULT; Schema: auth; Owner: supabase_auth_admin
--

ALTER TABLE ONLY auth.refresh_tokens ALTER COLUMN id SET DEFAULT nextval('auth.refresh_tokens_id_seq'::regclass);


--
-- Name: messages id; Type: DEFAULT; Schema: realtime; Owner: supabase_realtime_admin
--

ALTER TABLE ONLY realtime.messages ALTER COLUMN id SET DEFAULT nextval('realtime.messages_id_seq'::regclass);


--
-- Data for Name: audit_log_entries; Type: TABLE DATA; Schema: auth; Owner: supabase_auth_admin
--

COPY auth.audit_log_entries (instance_id, id, payload, created_at, ip_address) FROM stdin;
00000000-0000-0000-0000-000000000000	8466c192-e9a8-4648-90f3-538c10eb2eb5	{"action":"user_signedup","actor_id":"00000000-0000-0000-0000-000000000000","actor_username":"service_role","actor_via_sso":false,"log_type":"team","traits":{"user_email":"leroii@example.com","user_id":"8b2e4406-dfa7-40d6-ae5b-7c800fb3e68a","user_phone":""}}	2024-04-22 14:34:58.252478+00	
00000000-0000-0000-0000-000000000000	c089f6c6-f700-40c7-8659-1c270877deed	{"action":"login","actor_id":"8b2e4406-dfa7-40d6-ae5b-7c800fb3e68a","actor_username":"leroii@example.com","actor_via_sso":false,"log_type":"account","traits":{"provider":"email"}}	2024-04-22 14:44:01.893392+00	
00000000-0000-0000-0000-000000000000	5db57f0b-c153-4692-beb8-bfc1feb717a6	{"action":"login","actor_id":"8b2e4406-dfa7-40d6-ae5b-7c800fb3e68a","actor_username":"leroii@example.com","actor_via_sso":false,"log_type":"account","traits":{"provider":"email"}}	2024-04-22 15:04:38.666532+00	
00000000-0000-0000-0000-000000000000	b8bf900e-b285-48ad-9535-7db4ef36d782	{"action":"login","actor_id":"8b2e4406-dfa7-40d6-ae5b-7c800fb3e68a","actor_username":"leroii@example.com","actor_via_sso":false,"log_type":"account","traits":{"provider":"email"}}	2024-04-22 15:45:06.996514+00	
00000000-0000-0000-0000-000000000000	1ad7bf29-6237-47aa-97ef-5bcbb21cf087	{"action":"login","actor_id":"8b2e4406-dfa7-40d6-ae5b-7c800fb3e68a","actor_username":"leroii@example.com","actor_via_sso":false,"log_type":"account","traits":{"provider":"email"}}	2024-04-22 15:56:01.633327+00	
00000000-0000-0000-0000-000000000000	bf6a2e88-c0e9-4504-b730-b5962bda71e2	{"action":"login","actor_id":"8b2e4406-dfa7-40d6-ae5b-7c800fb3e68a","actor_username":"leroii@example.com","actor_via_sso":false,"log_type":"account","traits":{"provider":"email"}}	2024-04-22 15:56:11.023748+00	
00000000-0000-0000-0000-000000000000	3919f33f-2cad-4c89-81cd-d64f417bf397	{"action":"login","actor_id":"8b2e4406-dfa7-40d6-ae5b-7c800fb3e68a","actor_username":"leroii@example.com","actor_via_sso":false,"log_type":"account","traits":{"provider":"email"}}	2024-04-22 16:08:30.037962+00	
00000000-0000-0000-0000-000000000000	ad2fe899-45f0-47c7-8a29-f3cf4dd9031a	{"action":"login","actor_id":"8b2e4406-dfa7-40d6-ae5b-7c800fb3e68a","actor_username":"leroii@example.com","actor_via_sso":false,"log_type":"account","traits":{"provider":"email"}}	2024-04-22 16:09:07.679852+00	
00000000-0000-0000-0000-000000000000	c84b23e9-2aaf-4a53-b318-26c478ba4e2b	{"action":"login","actor_id":"8b2e4406-dfa7-40d6-ae5b-7c800fb3e68a","actor_username":"leroii@example.com","actor_via_sso":false,"log_type":"account","traits":{"provider":"email"}}	2024-04-22 16:09:51.022779+00	
00000000-0000-0000-0000-000000000000	e372cfd6-d413-431e-8912-cefa0d914427	{"action":"login","actor_id":"8b2e4406-dfa7-40d6-ae5b-7c800fb3e68a","actor_username":"leroii@example.com","actor_via_sso":false,"log_type":"account","traits":{"provider":"email"}}	2024-04-22 16:32:31.945573+00	
00000000-0000-0000-0000-000000000000	1d24ee13-da96-4186-9855-1c0b3b3acbc8	{"action":"logout","actor_id":"8b2e4406-dfa7-40d6-ae5b-7c800fb3e68a","actor_username":"leroii@example.com","actor_via_sso":false,"log_type":"account"}	2024-04-22 16:33:24.572484+00	
00000000-0000-0000-0000-000000000000	083a186b-f698-4588-9d2a-aab85c7c6f76	{"action":"login","actor_id":"8b2e4406-dfa7-40d6-ae5b-7c800fb3e68a","actor_username":"leroii@example.com","actor_via_sso":false,"log_type":"account","traits":{"provider":"email"}}	2024-04-22 21:01:51.626467+00	
00000000-0000-0000-0000-000000000000	5c562a2b-b21f-4c1d-bbfa-cdce62e84d7f	{"action":"logout","actor_id":"8b2e4406-dfa7-40d6-ae5b-7c800fb3e68a","actor_username":"leroii@example.com","actor_via_sso":false,"log_type":"account"}	2024-04-22 21:02:01.132289+00	
00000000-0000-0000-0000-000000000000	f47b49c6-66d5-4f2f-b21e-86e764f7dddf	{"action":"login","actor_id":"8b2e4406-dfa7-40d6-ae5b-7c800fb3e68a","actor_username":"leroii@example.com","actor_via_sso":false,"log_type":"account","traits":{"provider":"email"}}	2024-04-22 21:02:56.540822+00	
00000000-0000-0000-0000-000000000000	ec04b1a1-86c8-4b35-9c64-c804998bf299	{"action":"logout","actor_id":"8b2e4406-dfa7-40d6-ae5b-7c800fb3e68a","actor_username":"leroii@example.com","actor_via_sso":false,"log_type":"account"}	2024-04-22 21:03:14.6116+00	
00000000-0000-0000-0000-000000000000	25f08bfc-b16f-4364-a20f-38b81a8aa6b4	{"action":"login","actor_id":"8b2e4406-dfa7-40d6-ae5b-7c800fb3e68a","actor_username":"leroii@example.com","actor_via_sso":false,"log_type":"account","traits":{"provider":"email"}}	2024-04-22 21:03:18.403197+00	
00000000-0000-0000-0000-000000000000	b3d262ef-33fc-4059-9891-3a2ee81f8580	{"action":"logout","actor_id":"8b2e4406-dfa7-40d6-ae5b-7c800fb3e68a","actor_username":"leroii@example.com","actor_via_sso":false,"log_type":"account"}	2024-04-22 21:04:24.547446+00	
00000000-0000-0000-0000-000000000000	b9b86154-037f-4770-992e-2c0f86211c3f	{"action":"login","actor_id":"8b2e4406-dfa7-40d6-ae5b-7c800fb3e68a","actor_username":"leroii@example.com","actor_via_sso":false,"log_type":"account","traits":{"provider":"email"}}	2024-04-22 21:04:27.374603+00	
00000000-0000-0000-0000-000000000000	bf168aa3-8951-40f7-a3ca-dc29c8b065dc	{"action":"logout","actor_id":"8b2e4406-dfa7-40d6-ae5b-7c800fb3e68a","actor_username":"leroii@example.com","actor_via_sso":false,"log_type":"account"}	2024-04-22 21:04:46.750477+00	
00000000-0000-0000-0000-000000000000	854f973e-cf5f-4cdf-a73a-f896c1acebc3	{"action":"login","actor_id":"8b2e4406-dfa7-40d6-ae5b-7c800fb3e68a","actor_username":"leroii@example.com","actor_via_sso":false,"log_type":"account","traits":{"provider":"email"}}	2024-04-22 21:05:17.86021+00	
00000000-0000-0000-0000-000000000000	2a8e8a78-bd82-433b-9a5c-e9774ca4699e	{"action":"logout","actor_id":"8b2e4406-dfa7-40d6-ae5b-7c800fb3e68a","actor_username":"leroii@example.com","actor_via_sso":false,"log_type":"account"}	2024-04-22 21:05:24.30781+00	
00000000-0000-0000-0000-000000000000	aeff2c32-ec0d-4403-9895-78430aee79eb	{"action":"login","actor_id":"8b2e4406-dfa7-40d6-ae5b-7c800fb3e68a","actor_username":"leroii@example.com","actor_via_sso":false,"log_type":"account","traits":{"provider":"email"}}	2024-04-22 21:05:46.814429+00	
00000000-0000-0000-0000-000000000000	659b1dc3-5ca0-4c11-99ac-ad5fd6c84530	{"action":"logout","actor_id":"8b2e4406-dfa7-40d6-ae5b-7c800fb3e68a","actor_username":"leroii@example.com","actor_via_sso":false,"log_type":"account"}	2024-04-22 21:06:09.148616+00	
00000000-0000-0000-0000-000000000000	8affd578-55b9-4a8b-b18d-49a1dbd90440	{"action":"login","actor_id":"8b2e4406-dfa7-40d6-ae5b-7c800fb3e68a","actor_username":"leroii@example.com","actor_via_sso":false,"log_type":"account","traits":{"provider":"email"}}	2024-04-22 21:06:18.553681+00	
00000000-0000-0000-0000-000000000000	646b51b0-9ed3-44ce-a4ab-32a17c6cb32a	{"action":"logout","actor_id":"8b2e4406-dfa7-40d6-ae5b-7c800fb3e68a","actor_username":"leroii@example.com","actor_via_sso":false,"log_type":"account"}	2024-04-22 21:06:27.268155+00	
00000000-0000-0000-0000-000000000000	e8e4de13-7b9a-4dc5-b63b-9974528334b0	{"action":"login","actor_id":"8b2e4406-dfa7-40d6-ae5b-7c800fb3e68a","actor_username":"leroii@example.com","actor_via_sso":false,"log_type":"account","traits":{"provider":"email"}}	2024-04-22 21:06:34.801785+00	
00000000-0000-0000-0000-000000000000	dadc28f1-ea91-4a17-bc59-51198d6dc752	{"action":"logout","actor_id":"8b2e4406-dfa7-40d6-ae5b-7c800fb3e68a","actor_username":"leroii@example.com","actor_via_sso":false,"log_type":"account"}	2024-04-22 21:06:41.767045+00	
00000000-0000-0000-0000-000000000000	6f6e59e7-897e-4038-8ca4-44f8f99b8b24	{"action":"login","actor_id":"8b2e4406-dfa7-40d6-ae5b-7c800fb3e68a","actor_username":"leroii@example.com","actor_via_sso":false,"log_type":"account","traits":{"provider":"email"}}	2024-04-22 21:07:00.92998+00	
00000000-0000-0000-0000-000000000000	19b41ffc-53df-4af5-a47f-b4b83d6cd471	{"action":"logout","actor_id":"8b2e4406-dfa7-40d6-ae5b-7c800fb3e68a","actor_username":"leroii@example.com","actor_via_sso":false,"log_type":"account"}	2024-04-22 21:07:05.826246+00	
00000000-0000-0000-0000-000000000000	7abafb75-f309-4e59-90dd-3eeda3392f31	{"action":"login","actor_id":"8b2e4406-dfa7-40d6-ae5b-7c800fb3e68a","actor_username":"leroii@example.com","actor_via_sso":false,"log_type":"account","traits":{"provider":"email"}}	2024-04-22 21:09:01.286156+00	
00000000-0000-0000-0000-000000000000	d30c2e16-0c3e-441c-ac01-81de4bbada81	{"action":"user_signedup","actor_id":"ad5a3d1d-448f-4297-9537-dbe092d3e57e","actor_username":"test@test.com","actor_via_sso":false,"log_type":"team","traits":{"provider":"email"}}	2024-04-22 21:51:07.994245+00	
00000000-0000-0000-0000-000000000000	ebd26d2e-d46e-49ca-9edc-d272aec68fa3	{"action":"login","actor_id":"ad5a3d1d-448f-4297-9537-dbe092d3e57e","actor_username":"test@test.com","actor_via_sso":false,"log_type":"account","traits":{"provider":"email"}}	2024-04-22 21:51:08.005293+00	
00000000-0000-0000-0000-000000000000	d01f1641-f60b-41cb-abf7-dfccf754cbd3	{"action":"login","actor_id":"8b2e4406-dfa7-40d6-ae5b-7c800fb3e68a","actor_username":"leroii@example.com","actor_via_sso":false,"log_type":"account","traits":{"provider":"email"}}	2024-04-22 21:51:08.289843+00	
00000000-0000-0000-0000-000000000000	91620bf7-d390-469d-a372-62be57f70f2e	{"action":"user_repeated_signup","actor_id":"ad5a3d1d-448f-4297-9537-dbe092d3e57e","actor_username":"test@test.com","actor_via_sso":false,"log_type":"user","traits":{"provider":"email"}}	2024-04-22 21:51:57.936569+00	
00000000-0000-0000-0000-000000000000	76626a9d-8cff-4c55-894c-90f581273b72	{"action":"login","actor_id":"8b2e4406-dfa7-40d6-ae5b-7c800fb3e68a","actor_username":"leroii@example.com","actor_via_sso":false,"log_type":"account","traits":{"provider":"email"}}	2024-04-22 21:52:23.92981+00	
00000000-0000-0000-0000-000000000000	aee26cb3-b50c-4202-aa0f-45c8f4087e75	{"action":"logout","actor_id":"8b2e4406-dfa7-40d6-ae5b-7c800fb3e68a","actor_username":"leroii@example.com","actor_via_sso":false,"log_type":"account"}	2024-04-22 21:54:24.960535+00	
00000000-0000-0000-0000-000000000000	591d269b-f1a0-49ce-bc72-4b0d81a9fa43	{"action":"login","actor_id":"ad5a3d1d-448f-4297-9537-dbe092d3e57e","actor_username":"test@test.com","actor_via_sso":false,"log_type":"account","traits":{"provider":"email"}}	2024-04-22 21:54:48.34911+00	
00000000-0000-0000-0000-000000000000	a27bcb76-1fa7-4b64-a513-440f6a1da691	{"action":"user_confirmation_requested","actor_id":"8d363707-1ab3-4b9a-b3c1-6150ea0db222","actor_username":"lerol88723@haislot.com","actor_via_sso":false,"log_type":"user","traits":{"provider":"email"}}	2024-04-22 22:01:04.568964+00	
00000000-0000-0000-0000-000000000000	0d4a0cbd-29d0-43e4-92dd-6605fb745884	{"action":"user_signedup","actor_id":"8d363707-1ab3-4b9a-b3c1-6150ea0db222","actor_username":"lerol88723@haislot.com","actor_via_sso":false,"log_type":"team"}	2024-04-22 22:02:23.897045+00	
00000000-0000-0000-0000-000000000000	1ad64060-3e38-4f58-878e-86d16c14c799	{"action":"logout","actor_id":"8d363707-1ab3-4b9a-b3c1-6150ea0db222","actor_username":"lerol88723@haislot.com","actor_via_sso":false,"log_type":"account"}	2024-04-22 22:30:31.842332+00	
00000000-0000-0000-0000-000000000000	d394c08d-9683-4642-94f8-329827b22f65	{"action":"login","actor_id":"ad5a3d1d-448f-4297-9537-dbe092d3e57e","actor_username":"test@test.com","actor_via_sso":false,"log_type":"account","traits":{"provider":"email"}}	2024-04-22 22:30:49.890991+00	
00000000-0000-0000-0000-000000000000	d152113b-f9f0-4402-98d8-cd1ba6df2f81	{"action":"token_refreshed","actor_id":"ad5a3d1d-448f-4297-9537-dbe092d3e57e","actor_username":"test@test.com","actor_via_sso":false,"log_type":"token"}	2024-04-23 12:57:18.439652+00	
00000000-0000-0000-0000-000000000000	3851de97-a17d-44d1-8440-37b3748afaf1	{"action":"token_revoked","actor_id":"ad5a3d1d-448f-4297-9537-dbe092d3e57e","actor_username":"test@test.com","actor_via_sso":false,"log_type":"token"}	2024-04-23 12:57:18.462404+00	
00000000-0000-0000-0000-000000000000	a7db2484-4848-4bcf-944d-17a37f331081	{"action":"user_modified","actor_id":"ad5a3d1d-448f-4297-9537-dbe092d3e57e","actor_username":"test@test.com","actor_via_sso":false,"log_type":"user"}	2024-04-23 13:38:38.797783+00	
00000000-0000-0000-0000-000000000000	9ea65751-7ed3-43e2-8e07-738fb108748e	{"action":"user_modified","actor_id":"ad5a3d1d-448f-4297-9537-dbe092d3e57e","actor_username":"test@test.com","actor_via_sso":false,"log_type":"user"}	2024-04-23 13:38:48.271154+00	
00000000-0000-0000-0000-000000000000	555681ef-26ea-4953-bffa-b9046866c7de	{"action":"user_modified","actor_id":"ad5a3d1d-448f-4297-9537-dbe092d3e57e","actor_username":"test@test.com","actor_via_sso":false,"log_type":"user"}	2024-04-23 13:39:19.125663+00	
00000000-0000-0000-0000-000000000000	945926bd-adca-4638-a8a3-d648835a1688	{"action":"user_modified","actor_id":"ad5a3d1d-448f-4297-9537-dbe092d3e57e","actor_username":"test@test.com","actor_via_sso":false,"log_type":"user"}	2024-04-23 13:44:50.22463+00	
00000000-0000-0000-0000-000000000000	c17b8caa-2789-4bd0-98fc-8b20eb7116e8	{"action":"user_modified","actor_id":"ad5a3d1d-448f-4297-9537-dbe092d3e57e","actor_username":"test@test.com","actor_via_sso":false,"log_type":"user"}	2024-04-23 13:47:40.731936+00	
00000000-0000-0000-0000-000000000000	e7858a4f-7196-44a5-a4b5-e03ae8910fa8	{"action":"user_modified","actor_id":"ad5a3d1d-448f-4297-9537-dbe092d3e57e","actor_username":"test@test.com","actor_via_sso":false,"log_type":"user"}	2024-04-23 13:49:25.997507+00	
00000000-0000-0000-0000-000000000000	42d281ec-c978-469d-91b8-cf492a46c9f9	{"action":"user_modified","actor_id":"ad5a3d1d-448f-4297-9537-dbe092d3e57e","actor_username":"test@test.com","actor_via_sso":false,"log_type":"user"}	2024-04-23 13:50:21.053898+00	
00000000-0000-0000-0000-000000000000	5f4c5449-08d3-4443-be13-408ef8d69cc9	{"action":"user_modified","actor_id":"ad5a3d1d-448f-4297-9537-dbe092d3e57e","actor_username":"test@test.com","actor_via_sso":false,"log_type":"user"}	2024-04-23 13:50:57.183039+00	
00000000-0000-0000-0000-000000000000	201de559-4e3a-404c-aac9-e76e0ad5871b	{"action":"user_modified","actor_id":"ad5a3d1d-448f-4297-9537-dbe092d3e57e","actor_username":"test@test.com","actor_via_sso":false,"log_type":"user"}	2024-04-23 13:52:20.222801+00	
00000000-0000-0000-0000-000000000000	7730de2d-d73e-4802-8660-d0378366a2a3	{"action":"token_refreshed","actor_id":"ad5a3d1d-448f-4297-9537-dbe092d3e57e","actor_username":"test@test.com","actor_via_sso":false,"log_type":"token"}	2024-04-23 13:55:49.975483+00	
00000000-0000-0000-0000-000000000000	084efd64-1161-46d0-bbef-e8c72f0e5745	{"action":"token_revoked","actor_id":"ad5a3d1d-448f-4297-9537-dbe092d3e57e","actor_username":"test@test.com","actor_via_sso":false,"log_type":"token"}	2024-04-23 13:55:49.977673+00	
00000000-0000-0000-0000-000000000000	72467e34-8184-461e-842e-645eec612fd3	{"action":"user_modified","actor_id":"ad5a3d1d-448f-4297-9537-dbe092d3e57e","actor_username":"test@test.com","actor_via_sso":false,"log_type":"user"}	2024-04-23 14:00:58.229474+00	
00000000-0000-0000-0000-000000000000	9c3890ba-671c-4eee-a39a-e0f5c7c4ef4d	{"action":"user_modified","actor_id":"ad5a3d1d-448f-4297-9537-dbe092d3e57e","actor_username":"test@test.com","actor_via_sso":false,"log_type":"user"}	2024-04-23 14:12:24.61683+00	
00000000-0000-0000-0000-000000000000	7f31d096-0776-4966-b6d2-af591f8795d9	{"action":"user_modified","actor_id":"ad5a3d1d-448f-4297-9537-dbe092d3e57e","actor_username":"test@test.com","actor_via_sso":false,"log_type":"user"}	2024-04-23 14:27:22.158752+00	
00000000-0000-0000-0000-000000000000	9927cb0e-3b16-4fa3-a6a8-9ede9a1b95ae	{"action":"user_modified","actor_id":"ad5a3d1d-448f-4297-9537-dbe092d3e57e","actor_username":"test@test.com","actor_via_sso":false,"log_type":"user"}	2024-04-23 14:27:24.5549+00	
00000000-0000-0000-0000-000000000000	09f6367a-f720-4e12-a33f-a91568868cdf	{"action":"user_modified","actor_id":"ad5a3d1d-448f-4297-9537-dbe092d3e57e","actor_username":"test@test.com","actor_via_sso":false,"log_type":"user"}	2024-04-23 14:29:18.13165+00	
00000000-0000-0000-0000-000000000000	ef79b1ff-137a-46b1-b3b4-1aa4c16caf11	{"action":"user_modified","actor_id":"ad5a3d1d-448f-4297-9537-dbe092d3e57e","actor_username":"test@test.com","actor_via_sso":false,"log_type":"user"}	2024-04-23 14:29:20.445595+00	
00000000-0000-0000-0000-000000000000	c555b514-8f35-4031-a2b1-ced4c3e9105d	{"action":"user_updated_password","actor_id":"ad5a3d1d-448f-4297-9537-dbe092d3e57e","actor_username":"test@test.com","actor_via_sso":false,"log_type":"user"}	2024-04-23 14:44:42.088023+00	
00000000-0000-0000-0000-000000000000	3d6978ee-654e-4651-9170-1aa924a60748	{"action":"user_modified","actor_id":"ad5a3d1d-448f-4297-9537-dbe092d3e57e","actor_username":"test@test.com","actor_via_sso":false,"log_type":"user"}	2024-04-23 14:44:42.09083+00	
00000000-0000-0000-0000-000000000000	882d0daf-baf6-4135-a2e8-4261ef352b4e	{"action":"logout","actor_id":"ad5a3d1d-448f-4297-9537-dbe092d3e57e","actor_username":"test@test.com","actor_via_sso":false,"log_type":"account"}	2024-04-23 14:44:45.514817+00	
00000000-0000-0000-0000-000000000000	5cebfd98-d158-4d2c-85af-8b5672b83ce6	{"action":"login","actor_id":"ad5a3d1d-448f-4297-9537-dbe092d3e57e","actor_username":"test@test.com","actor_via_sso":false,"log_type":"account","traits":{"provider":"email"}}	2024-04-23 14:44:59.844484+00	
00000000-0000-0000-0000-000000000000	20ac8446-8948-468f-b7b6-65bf59c12fe9	{"action":"token_refreshed","actor_id":"ad5a3d1d-448f-4297-9537-dbe092d3e57e","actor_username":"test@test.com","actor_via_sso":false,"log_type":"token"}	2024-04-23 17:39:15.838515+00	
00000000-0000-0000-0000-000000000000	25e84c9a-2fe3-45f9-bb5b-b76ce2079ddd	{"action":"token_revoked","actor_id":"ad5a3d1d-448f-4297-9537-dbe092d3e57e","actor_username":"test@test.com","actor_via_sso":false,"log_type":"token"}	2024-04-23 17:39:15.849765+00	
00000000-0000-0000-0000-000000000000	6710cd74-6eb0-4173-8053-bc25a25fbfdb	{"action":"user_modified","actor_id":"ad5a3d1d-448f-4297-9537-dbe092d3e57e","actor_username":"test@test.com","actor_via_sso":false,"log_type":"user"}	2024-04-23 17:52:56.239182+00	
00000000-0000-0000-0000-000000000000	a2ededba-29e3-47dc-9cca-befbd2807bcd	{"action":"user_modified","actor_id":"ad5a3d1d-448f-4297-9537-dbe092d3e57e","actor_username":"test@test.com","actor_via_sso":false,"log_type":"user"}	2024-04-23 17:53:00.85195+00	
00000000-0000-0000-0000-000000000000	a5bd1480-248b-494d-9ba8-314e99bec5ea	{"action":"user_modified","actor_id":"ad5a3d1d-448f-4297-9537-dbe092d3e57e","actor_username":"test@test.com","actor_via_sso":false,"log_type":"user"}	2024-04-23 17:53:40.580371+00	
00000000-0000-0000-0000-000000000000	c787c56b-a8e8-45b8-925f-1f877ef3d677	{"action":"user_modified","actor_id":"ad5a3d1d-448f-4297-9537-dbe092d3e57e","actor_username":"test@test.com","actor_via_sso":false,"log_type":"user"}	2024-04-23 17:53:48.689846+00	
00000000-0000-0000-0000-000000000000	49eb11af-e16b-4c52-9958-291fcc8db6a8	{"action":"user_modified","actor_id":"ad5a3d1d-448f-4297-9537-dbe092d3e57e","actor_username":"test@test.com","actor_via_sso":false,"log_type":"user"}	2024-04-23 17:55:27.494964+00	
00000000-0000-0000-0000-000000000000	9d7c56a4-1142-45b8-b48b-379826f3f125	{"action":"user_modified","actor_id":"ad5a3d1d-448f-4297-9537-dbe092d3e57e","actor_username":"test@test.com","actor_via_sso":false,"log_type":"user"}	2024-04-23 17:55:35.530151+00	
00000000-0000-0000-0000-000000000000	dd1bf04a-49c2-4257-b9b0-e91e06aa03b6	{"action":"user_modified","actor_id":"ad5a3d1d-448f-4297-9537-dbe092d3e57e","actor_username":"test@test.com","actor_via_sso":false,"log_type":"user"}	2024-04-23 18:23:15.540418+00	
00000000-0000-0000-0000-000000000000	aa45b0ea-c1ba-4eff-b3aa-1012fa9b49f2	{"action":"user_modified","actor_id":"ad5a3d1d-448f-4297-9537-dbe092d3e57e","actor_username":"test@test.com","actor_via_sso":false,"log_type":"user"}	2024-04-23 18:23:54.366313+00	
00000000-0000-0000-0000-000000000000	ecd99b09-1084-4be9-aa3e-f1bdb20d2a77	{"action":"user_modified","actor_id":"ad5a3d1d-448f-4297-9537-dbe092d3e57e","actor_username":"test@test.com","actor_via_sso":false,"log_type":"user"}	2024-04-23 18:24:36.083702+00	
00000000-0000-0000-0000-000000000000	c36ba512-03af-4d77-8512-78315013ce86	{"action":"token_refreshed","actor_id":"ad5a3d1d-448f-4297-9537-dbe092d3e57e","actor_username":"test@test.com","actor_via_sso":false,"log_type":"token"}	2024-04-23 19:00:43.636022+00	
00000000-0000-0000-0000-000000000000	fc57141d-b77f-4e53-91bd-62f8504e0260	{"action":"token_revoked","actor_id":"ad5a3d1d-448f-4297-9537-dbe092d3e57e","actor_username":"test@test.com","actor_via_sso":false,"log_type":"token"}	2024-04-23 19:00:43.651736+00	
00000000-0000-0000-0000-000000000000	7a322299-831d-4606-ac26-e431e5eded54	{"action":"token_refreshed","actor_id":"ad5a3d1d-448f-4297-9537-dbe092d3e57e","actor_username":"test@test.com","actor_via_sso":false,"log_type":"token"}	2024-04-24 09:09:26.945495+00	
00000000-0000-0000-0000-000000000000	3407d02e-1e44-4454-b9eb-c6d469a2793c	{"action":"token_revoked","actor_id":"ad5a3d1d-448f-4297-9537-dbe092d3e57e","actor_username":"test@test.com","actor_via_sso":false,"log_type":"token"}	2024-04-24 09:09:26.973044+00	
00000000-0000-0000-0000-000000000000	7a5d1900-c2a6-4503-950e-63ba2762d9f3	{"action":"token_refreshed","actor_id":"ad5a3d1d-448f-4297-9537-dbe092d3e57e","actor_username":"test@test.com","actor_via_sso":false,"log_type":"token"}	2024-04-24 10:07:58.13714+00	
00000000-0000-0000-0000-000000000000	5dbfb7b9-1e16-47b9-ad53-d87df52dec33	{"action":"token_revoked","actor_id":"ad5a3d1d-448f-4297-9537-dbe092d3e57e","actor_username":"test@test.com","actor_via_sso":false,"log_type":"token"}	2024-04-24 10:07:58.162423+00	
00000000-0000-0000-0000-000000000000	30ab265a-3083-4bb2-9e1a-99ca418b9239	{"action":"token_refreshed","actor_id":"ad5a3d1d-448f-4297-9537-dbe092d3e57e","actor_username":"test@test.com","actor_via_sso":false,"log_type":"token"}	2024-04-24 11:12:13.728571+00	
00000000-0000-0000-0000-000000000000	8ff01a1e-107b-45f2-889a-f5f38b19d45a	{"action":"token_revoked","actor_id":"ad5a3d1d-448f-4297-9537-dbe092d3e57e","actor_username":"test@test.com","actor_via_sso":false,"log_type":"token"}	2024-04-24 11:12:13.742361+00	
00000000-0000-0000-0000-000000000000	d1865e51-1677-4524-9825-257c97d4f36d	{"action":"token_refreshed","actor_id":"ad5a3d1d-448f-4297-9537-dbe092d3e57e","actor_username":"test@test.com","actor_via_sso":false,"log_type":"token"}	2024-04-24 14:58:15.526075+00	
00000000-0000-0000-0000-000000000000	a7bc3524-f0da-447c-80c5-0a956a977a97	{"action":"token_revoked","actor_id":"ad5a3d1d-448f-4297-9537-dbe092d3e57e","actor_username":"test@test.com","actor_via_sso":false,"log_type":"token"}	2024-04-24 14:58:15.542286+00	
00000000-0000-0000-0000-000000000000	8a393ba3-f04b-41ce-9add-970071a6c2c9	{"action":"token_refreshed","actor_id":"ad5a3d1d-448f-4297-9537-dbe092d3e57e","actor_username":"test@test.com","actor_via_sso":false,"log_type":"token"}	2024-04-24 15:56:41.498374+00	
00000000-0000-0000-0000-000000000000	66b4e077-de3e-4039-9142-171f87478bd8	{"action":"token_revoked","actor_id":"ad5a3d1d-448f-4297-9537-dbe092d3e57e","actor_username":"test@test.com","actor_via_sso":false,"log_type":"token"}	2024-04-24 15:56:41.502373+00	
00000000-0000-0000-0000-000000000000	653d0132-8c77-4439-8e24-91169043f6f3	{"action":"token_refreshed","actor_id":"ad5a3d1d-448f-4297-9537-dbe092d3e57e","actor_username":"test@test.com","actor_via_sso":false,"log_type":"token"}	2024-04-24 16:58:43.361612+00	
00000000-0000-0000-0000-000000000000	13227685-535c-4343-9bf4-a874b167d36c	{"action":"token_revoked","actor_id":"ad5a3d1d-448f-4297-9537-dbe092d3e57e","actor_username":"test@test.com","actor_via_sso":false,"log_type":"token"}	2024-04-24 16:58:43.36388+00	
00000000-0000-0000-0000-000000000000	ede6012a-a92d-422f-9c6c-0800cba165d1	{"action":"token_refreshed","actor_id":"ad5a3d1d-448f-4297-9537-dbe092d3e57e","actor_username":"test@test.com","actor_via_sso":false,"log_type":"token"}	2024-04-24 22:35:41.955912+00	
00000000-0000-0000-0000-000000000000	cc7cddde-18ef-46ea-8980-b1e0a1f4a8ff	{"action":"token_revoked","actor_id":"ad5a3d1d-448f-4297-9537-dbe092d3e57e","actor_username":"test@test.com","actor_via_sso":false,"log_type":"token"}	2024-04-24 22:35:41.970865+00	
00000000-0000-0000-0000-000000000000	be548c3d-b76d-4f35-a565-d4bc11733f1e	{"action":"token_refreshed","actor_id":"ad5a3d1d-448f-4297-9537-dbe092d3e57e","actor_username":"test@test.com","actor_via_sso":false,"log_type":"token"}	2024-04-25 10:10:13.752024+00	
00000000-0000-0000-0000-000000000000	f719d745-ae8a-4744-878d-9d59e7291c0d	{"action":"token_revoked","actor_id":"ad5a3d1d-448f-4297-9537-dbe092d3e57e","actor_username":"test@test.com","actor_via_sso":false,"log_type":"token"}	2024-04-25 10:10:13.776405+00	
00000000-0000-0000-0000-000000000000	2c49af67-9bd1-4800-aa35-e432a8f40441	{"action":"token_refreshed","actor_id":"ad5a3d1d-448f-4297-9537-dbe092d3e57e","actor_username":"test@test.com","actor_via_sso":false,"log_type":"token"}	2024-04-26 13:15:20.914216+00	
00000000-0000-0000-0000-000000000000	af8b55f2-aa18-4cd6-8641-94fad880cae3	{"action":"token_revoked","actor_id":"ad5a3d1d-448f-4297-9537-dbe092d3e57e","actor_username":"test@test.com","actor_via_sso":false,"log_type":"token"}	2024-04-26 13:15:20.94006+00	
00000000-0000-0000-0000-000000000000	962be6b8-5b9a-44a1-97a0-d9d9d0c0a8f1	{"action":"token_refreshed","actor_id":"ad5a3d1d-448f-4297-9537-dbe092d3e57e","actor_username":"test@test.com","actor_via_sso":false,"log_type":"token"}	2024-04-26 14:30:15.504223+00	
00000000-0000-0000-0000-000000000000	f91f7901-487d-482a-9036-66f76a465312	{"action":"token_revoked","actor_id":"ad5a3d1d-448f-4297-9537-dbe092d3e57e","actor_username":"test@test.com","actor_via_sso":false,"log_type":"token"}	2024-04-26 14:30:15.520152+00	
00000000-0000-0000-0000-000000000000	7350708a-bf28-4c23-a204-e6f114b3e0ea	{"action":"token_refreshed","actor_id":"ad5a3d1d-448f-4297-9537-dbe092d3e57e","actor_username":"test@test.com","actor_via_sso":false,"log_type":"token"}	2024-05-22 08:16:23.80896+00	
00000000-0000-0000-0000-000000000000	6b1e057f-bb3b-4b88-9fe8-2256a78ebcb4	{"action":"token_revoked","actor_id":"ad5a3d1d-448f-4297-9537-dbe092d3e57e","actor_username":"test@test.com","actor_via_sso":false,"log_type":"token"}	2024-05-22 08:16:23.813705+00	
00000000-0000-0000-0000-000000000000	f3c59445-b7f8-4f04-9bd3-b8f0357fc334	{"action":"login","actor_id":"8b2e4406-dfa7-40d6-ae5b-7c800fb3e68a","actor_username":"leroii@example.com","actor_via_sso":false,"log_type":"account","traits":{"provider":"email"}}	2024-05-22 08:31:24.460401+00	
00000000-0000-0000-0000-000000000000	bf4e10de-0073-47b2-8098-4f392ca75581	{"action":"user_modified","actor_id":"8b2e4406-dfa7-40d6-ae5b-7c800fb3e68a","actor_username":"leroii@example.com","actor_via_sso":false,"log_type":"user"}	2024-05-22 08:40:52.895677+00	
00000000-0000-0000-0000-000000000000	e4665dde-ccb3-46c8-832b-e39523ab2b59	{"action":"user_modified","actor_id":"8b2e4406-dfa7-40d6-ae5b-7c800fb3e68a","actor_username":"leroii@example.com","actor_via_sso":false,"log_type":"user"}	2024-05-22 08:40:55.644614+00	
00000000-0000-0000-0000-000000000000	10853c36-a377-491a-a4db-45ada67990e0	{"action":"login","actor_id":"8b2e4406-dfa7-40d6-ae5b-7c800fb3e68a","actor_username":"leroii@example.com","actor_via_sso":false,"log_type":"account","traits":{"provider":"email"}}	2024-05-22 09:05:30.920598+00	
00000000-0000-0000-0000-000000000000	157945b5-25d4-4041-9c55-27047497cd90	{"action":"user_modified","actor_id":"ad5a3d1d-448f-4297-9537-dbe092d3e57e","actor_username":"test@test.com","actor_via_sso":false,"log_type":"user"}	2024-05-22 09:08:03.321648+00	
00000000-0000-0000-0000-000000000000	096b2977-72e6-4b78-8024-785b43a87e9b	{"action":"login","actor_id":"8b2e4406-dfa7-40d6-ae5b-7c800fb3e68a","actor_username":"leroii@example.com","actor_via_sso":false,"log_type":"account","traits":{"provider":"email"}}	2024-05-22 09:14:04.989392+00	
00000000-0000-0000-0000-000000000000	3e7bdcfa-26a8-433e-8717-b9666aea6b06	{"action":"token_refreshed","actor_id":"ad5a3d1d-448f-4297-9537-dbe092d3e57e","actor_username":"test@test.com","actor_via_sso":false,"log_type":"token"}	2024-05-22 09:15:19.823118+00	
00000000-0000-0000-0000-000000000000	0f7ce139-5b7c-469d-9f2c-8e1f3d4e7dcd	{"action":"token_revoked","actor_id":"ad5a3d1d-448f-4297-9537-dbe092d3e57e","actor_username":"test@test.com","actor_via_sso":false,"log_type":"token"}	2024-05-22 09:15:19.823746+00	
00000000-0000-0000-0000-000000000000	05021319-23ca-47a1-9a02-dcfb9ddfda2d	{"action":"user_signedup","actor_id":"00000000-0000-0000-0000-000000000000","actor_username":"service_role","actor_via_sso":false,"log_type":"team","traits":{"user_email":"leroii@mail.com","user_id":"27126fa2-b066-4cdc-b9bd-e0590216e5e9","user_phone":""}}	2024-07-24 23:29:50.691692+00	
00000000-0000-0000-0000-000000000000	0baa56e9-261b-453b-b78e-35024b12653b	{"action":"login","actor_id":"27126fa2-b066-4cdc-b9bd-e0590216e5e9","actor_username":"leroii@mail.com","actor_via_sso":false,"log_type":"account","traits":{"provider":"email"}}	2024-07-24 23:30:15.760533+00	
00000000-0000-0000-0000-000000000000	5d8a6092-1109-4afa-9013-0b4acf329bb0	{"action":"token_refreshed","actor_id":"27126fa2-b066-4cdc-b9bd-e0590216e5e9","actor_username":"leroii@mail.com","actor_via_sso":false,"log_type":"token"}	2024-07-25 01:36:53.403051+00	
00000000-0000-0000-0000-000000000000	bbfcc91f-244d-4971-b56a-22a01fa59deb	{"action":"token_revoked","actor_id":"27126fa2-b066-4cdc-b9bd-e0590216e5e9","actor_username":"leroii@mail.com","actor_via_sso":false,"log_type":"token"}	2024-07-25 01:36:53.403945+00	
00000000-0000-0000-0000-000000000000	bdfab960-3d60-4d68-8c4b-d0b515f9e341	{"action":"token_refreshed","actor_id":"27126fa2-b066-4cdc-b9bd-e0590216e5e9","actor_username":"leroii@mail.com","actor_via_sso":false,"log_type":"token"}	2024-07-25 09:51:23.425977+00	
00000000-0000-0000-0000-000000000000	beaad4c6-f902-46f3-9da8-8422e27d945b	{"action":"token_revoked","actor_id":"27126fa2-b066-4cdc-b9bd-e0590216e5e9","actor_username":"leroii@mail.com","actor_via_sso":false,"log_type":"token"}	2024-07-25 09:51:23.43148+00	
00000000-0000-0000-0000-000000000000	a3cf6492-a68c-4f4f-b080-d780ce8890cb	{"action":"token_refreshed","actor_id":"27126fa2-b066-4cdc-b9bd-e0590216e5e9","actor_username":"leroii@mail.com","actor_via_sso":false,"log_type":"token"}	2024-07-25 15:21:33.092156+00	
00000000-0000-0000-0000-000000000000	8d518bf5-b0c0-4307-837b-f999800e15b0	{"action":"token_revoked","actor_id":"27126fa2-b066-4cdc-b9bd-e0590216e5e9","actor_username":"leroii@mail.com","actor_via_sso":false,"log_type":"token"}	2024-07-25 15:21:33.093055+00	
00000000-0000-0000-0000-000000000000	74fef450-3900-472b-ad20-3be32bac77fe	{"action":"token_refreshed","actor_id":"27126fa2-b066-4cdc-b9bd-e0590216e5e9","actor_username":"leroii@mail.com","actor_via_sso":false,"log_type":"token"}	2024-07-25 20:57:13.718659+00	
00000000-0000-0000-0000-000000000000	6e81d58f-3d0b-43e8-b028-3d6058cdb446	{"action":"token_revoked","actor_id":"27126fa2-b066-4cdc-b9bd-e0590216e5e9","actor_username":"leroii@mail.com","actor_via_sso":false,"log_type":"token"}	2024-07-25 20:57:13.723057+00	
00000000-0000-0000-0000-000000000000	636a82dd-2cdd-4528-bfb0-d4f9df825fc9	{"action":"login","actor_id":"8b2e4406-dfa7-40d6-ae5b-7c800fb3e68a","actor_username":"leroii@example.com","actor_via_sso":false,"log_type":"account","traits":{"provider":"email"}}	2024-10-08 14:33:00.55072+00	
00000000-0000-0000-0000-000000000000	57a80b29-889c-45cd-97c5-f0b888c41603	{"action":"logout","actor_id":"8b2e4406-dfa7-40d6-ae5b-7c800fb3e68a","actor_username":"leroii@example.com","actor_via_sso":false,"log_type":"account"}	2024-10-08 15:20:57.451037+00	
00000000-0000-0000-0000-000000000000	5ca2f999-16b0-4986-af2d-7b06cbceef51	{"action":"login","actor_id":"27126fa2-b066-4cdc-b9bd-e0590216e5e9","actor_username":"leroii@mail.com","actor_via_sso":false,"log_type":"account","traits":{"provider":"email"}}	2024-10-08 15:50:03.338687+00	
00000000-0000-0000-0000-000000000000	c877ae27-5653-42aa-8818-1667897dc7d6	{"action":"token_refreshed","actor_id":"27126fa2-b066-4cdc-b9bd-e0590216e5e9","actor_username":"leroii@mail.com","actor_via_sso":false,"log_type":"token"}	2024-10-08 18:10:59.451129+00	
00000000-0000-0000-0000-000000000000	b6de7ef8-9229-46a9-9bfc-f3cf5e993c3b	{"action":"token_revoked","actor_id":"27126fa2-b066-4cdc-b9bd-e0590216e5e9","actor_username":"leroii@mail.com","actor_via_sso":false,"log_type":"token"}	2024-10-08 18:10:59.456116+00	
00000000-0000-0000-0000-000000000000	1913b1fe-f759-4c36-8e0f-12e0b7154ada	{"action":"token_refreshed","actor_id":"27126fa2-b066-4cdc-b9bd-e0590216e5e9","actor_username":"leroii@mail.com","actor_via_sso":false,"log_type":"token"}	2024-10-08 21:42:36.163075+00	
00000000-0000-0000-0000-000000000000	c35f685e-e571-4cd1-b09d-7bc03597ca1d	{"action":"token_revoked","actor_id":"27126fa2-b066-4cdc-b9bd-e0590216e5e9","actor_username":"leroii@mail.com","actor_via_sso":false,"log_type":"token"}	2024-10-08 21:42:36.165636+00	
00000000-0000-0000-0000-000000000000	da399e90-0d4d-4ae4-80fc-5f30f32a2466	{"action":"token_refreshed","actor_id":"27126fa2-b066-4cdc-b9bd-e0590216e5e9","actor_username":"leroii@mail.com","actor_via_sso":false,"log_type":"token"}	2024-10-09 09:44:31.54143+00	
00000000-0000-0000-0000-000000000000	6c9e4ecd-4d9e-40c5-ad58-c903fb5e9dd3	{"action":"token_revoked","actor_id":"27126fa2-b066-4cdc-b9bd-e0590216e5e9","actor_username":"leroii@mail.com","actor_via_sso":false,"log_type":"token"}	2024-10-09 09:44:31.554655+00	
00000000-0000-0000-0000-000000000000	08428586-8949-4514-b41d-afd0e042bfc8	{"action":"user_modified","actor_id":"27126fa2-b066-4cdc-b9bd-e0590216e5e9","actor_username":"leroii@mail.com","actor_via_sso":false,"log_type":"user"}	2024-10-09 10:00:19.593963+00	
00000000-0000-0000-0000-000000000000	efcecafb-803d-4407-be00-38cec9033e58	{"action":"user_modified","actor_id":"27126fa2-b066-4cdc-b9bd-e0590216e5e9","actor_username":"leroii@mail.com","actor_via_sso":false,"log_type":"user"}	2024-10-09 10:00:21.910797+00	
00000000-0000-0000-0000-000000000000	a7d35409-2a5a-4b96-a034-bd61b6f282d4	{"action":"token_refreshed","actor_id":"27126fa2-b066-4cdc-b9bd-e0590216e5e9","actor_username":"leroii@mail.com","actor_via_sso":false,"log_type":"token"}	2024-10-09 12:52:40.75912+00	
00000000-0000-0000-0000-000000000000	a6f1cd66-1b6d-4b5d-9c21-2d79e0362a4c	{"action":"token_revoked","actor_id":"27126fa2-b066-4cdc-b9bd-e0590216e5e9","actor_username":"leroii@mail.com","actor_via_sso":false,"log_type":"token"}	2024-10-09 12:52:40.764331+00	
00000000-0000-0000-0000-000000000000	625d9199-743e-409c-94b9-0a98f6c1b7b6	{"action":"token_refreshed","actor_id":"27126fa2-b066-4cdc-b9bd-e0590216e5e9","actor_username":"leroii@mail.com","actor_via_sso":false,"log_type":"token"}	2024-10-09 14:59:15.776999+00	
00000000-0000-0000-0000-000000000000	20b0c7fb-7924-4fa9-a93f-df9bdba952a2	{"action":"token_revoked","actor_id":"27126fa2-b066-4cdc-b9bd-e0590216e5e9","actor_username":"leroii@mail.com","actor_via_sso":false,"log_type":"token"}	2024-10-09 14:59:15.780433+00	
00000000-0000-0000-0000-000000000000	1f6b4f80-f3d0-4653-9ef8-00095beb9c3e	{"action":"token_refreshed","actor_id":"27126fa2-b066-4cdc-b9bd-e0590216e5e9","actor_username":"leroii@mail.com","actor_via_sso":false,"log_type":"token"}	2024-10-09 16:07:06.0631+00	
00000000-0000-0000-0000-000000000000	1febc5fc-6133-45f3-9a57-65e9d18d1c27	{"action":"token_revoked","actor_id":"27126fa2-b066-4cdc-b9bd-e0590216e5e9","actor_username":"leroii@mail.com","actor_via_sso":false,"log_type":"token"}	2024-10-09 16:07:06.069304+00	
00000000-0000-0000-0000-000000000000	9a9fddf0-602c-4808-9eeb-9d57d8bb2e60	{"action":"token_refreshed","actor_id":"27126fa2-b066-4cdc-b9bd-e0590216e5e9","actor_username":"leroii@mail.com","actor_via_sso":false,"log_type":"token"}	2024-10-09 18:27:46.136968+00	
00000000-0000-0000-0000-000000000000	3f5e7761-ce59-4793-a627-b48d9de6ae1c	{"action":"token_revoked","actor_id":"27126fa2-b066-4cdc-b9bd-e0590216e5e9","actor_username":"leroii@mail.com","actor_via_sso":false,"log_type":"token"}	2024-10-09 18:27:46.138821+00	
00000000-0000-0000-0000-000000000000	49c5bc5d-4d09-4daf-a71b-988b51704c49	{"action":"token_refreshed","actor_id":"27126fa2-b066-4cdc-b9bd-e0590216e5e9","actor_username":"leroii@mail.com","actor_via_sso":false,"log_type":"token"}	2024-10-09 22:57:56.040764+00	
00000000-0000-0000-0000-000000000000	7cc203f7-cc32-460b-bac2-6b6769e80307	{"action":"token_revoked","actor_id":"27126fa2-b066-4cdc-b9bd-e0590216e5e9","actor_username":"leroii@mail.com","actor_via_sso":false,"log_type":"token"}	2024-10-09 22:57:56.044001+00	
00000000-0000-0000-0000-000000000000	6f601ae9-0432-44b2-9ae6-69c638525e8a	{"action":"token_refreshed","actor_id":"27126fa2-b066-4cdc-b9bd-e0590216e5e9","actor_username":"leroii@mail.com","actor_via_sso":false,"log_type":"token"}	2024-10-10 15:05:20.751654+00	
00000000-0000-0000-0000-000000000000	934c7421-88f2-40d1-b779-c2fda064b0bc	{"action":"token_revoked","actor_id":"27126fa2-b066-4cdc-b9bd-e0590216e5e9","actor_username":"leroii@mail.com","actor_via_sso":false,"log_type":"token"}	2024-10-10 15:05:20.778696+00	
00000000-0000-0000-0000-000000000000	581899a9-e264-439d-b9e4-2dc07a546c71	{"action":"login","actor_id":"27126fa2-b066-4cdc-b9bd-e0590216e5e9","actor_username":"leroii@mail.com","actor_via_sso":false,"log_type":"account","traits":{"provider":"email"}}	2024-10-10 15:05:31.19133+00	
00000000-0000-0000-0000-000000000000	8763368f-93ae-4fc4-a313-1bc8b8257ada	{"action":"token_refreshed","actor_id":"27126fa2-b066-4cdc-b9bd-e0590216e5e9","actor_username":"leroii@mail.com","actor_via_sso":false,"log_type":"token"}	2024-10-11 23:44:49.379993+00	
00000000-0000-0000-0000-000000000000	000a865c-14e9-4239-bf4e-cd8f3c38f948	{"action":"token_revoked","actor_id":"27126fa2-b066-4cdc-b9bd-e0590216e5e9","actor_username":"leroii@mail.com","actor_via_sso":false,"log_type":"token"}	2024-10-11 23:44:49.395702+00	
00000000-0000-0000-0000-000000000000	56db9225-762d-4344-9c5d-8d6937ebf1cc	{"action":"login","actor_id":"27126fa2-b066-4cdc-b9bd-e0590216e5e9","actor_username":"leroii@mail.com","actor_via_sso":false,"log_type":"account","traits":{"provider":"email"}}	2024-10-11 23:45:00.498703+00	
00000000-0000-0000-0000-000000000000	3b69ab7c-9aa0-441b-8aec-ba7e8c58c321	{"action":"token_refreshed","actor_id":"27126fa2-b066-4cdc-b9bd-e0590216e5e9","actor_username":"leroii@mail.com","actor_via_sso":false,"log_type":"token"}	2024-10-14 08:51:44.476682+00	
00000000-0000-0000-0000-000000000000	bad0b499-9aba-49be-800e-1b1eeb01caaa	{"action":"token_revoked","actor_id":"27126fa2-b066-4cdc-b9bd-e0590216e5e9","actor_username":"leroii@mail.com","actor_via_sso":false,"log_type":"token"}	2024-10-14 08:51:44.489676+00	
00000000-0000-0000-0000-000000000000	5563ba3b-efd5-42dd-9408-5250303e7b8a	{"action":"token_refreshed","actor_id":"27126fa2-b066-4cdc-b9bd-e0590216e5e9","actor_username":"leroii@mail.com","actor_via_sso":false,"log_type":"token"}	2024-10-14 11:09:45.989024+00	
00000000-0000-0000-0000-000000000000	5c1b5643-7851-488b-9197-facaa49e0d32	{"action":"token_revoked","actor_id":"27126fa2-b066-4cdc-b9bd-e0590216e5e9","actor_username":"leroii@mail.com","actor_via_sso":false,"log_type":"token"}	2024-10-14 11:09:45.993643+00	
00000000-0000-0000-0000-000000000000	d2adf475-8de4-409a-ac60-b4e37e541b83	{"action":"token_refreshed","actor_id":"27126fa2-b066-4cdc-b9bd-e0590216e5e9","actor_username":"leroii@mail.com","actor_via_sso":false,"log_type":"token"}	2024-10-14 13:33:01.933187+00	
00000000-0000-0000-0000-000000000000	5863a96e-d80b-4c1b-86f6-7e937bc3c9f1	{"action":"token_revoked","actor_id":"27126fa2-b066-4cdc-b9bd-e0590216e5e9","actor_username":"leroii@mail.com","actor_via_sso":false,"log_type":"token"}	2024-10-14 13:33:01.936162+00	
00000000-0000-0000-0000-000000000000	610cdc25-f015-4ce7-9d93-b9f06e8e09c7	{"action":"token_refreshed","actor_id":"27126fa2-b066-4cdc-b9bd-e0590216e5e9","actor_username":"leroii@mail.com","actor_via_sso":false,"log_type":"token"}	2024-10-16 12:08:02.832251+00	
00000000-0000-0000-0000-000000000000	d4a152a5-1a87-47be-b8b8-ac7f13add632	{"action":"token_revoked","actor_id":"27126fa2-b066-4cdc-b9bd-e0590216e5e9","actor_username":"leroii@mail.com","actor_via_sso":false,"log_type":"token"}	2024-10-16 12:08:02.842118+00	
00000000-0000-0000-0000-000000000000	ba873b3e-3649-454b-ba9a-5eea7991b693	{"action":"token_refreshed","actor_id":"27126fa2-b066-4cdc-b9bd-e0590216e5e9","actor_username":"leroii@mail.com","actor_via_sso":false,"log_type":"token"}	2024-10-16 16:28:04.840572+00	
00000000-0000-0000-0000-000000000000	14cefcb3-d790-4ba7-85e9-9fba13f12b43	{"action":"token_revoked","actor_id":"27126fa2-b066-4cdc-b9bd-e0590216e5e9","actor_username":"leroii@mail.com","actor_via_sso":false,"log_type":"token"}	2024-10-16 16:28:04.844203+00	
00000000-0000-0000-0000-000000000000	b2c43a73-0017-4960-9d09-da01c7c7695e	{"action":"token_refreshed","actor_id":"27126fa2-b066-4cdc-b9bd-e0590216e5e9","actor_username":"leroii@mail.com","actor_via_sso":false,"log_type":"token"}	2024-10-17 00:03:45.543668+00	
00000000-0000-0000-0000-000000000000	4b4aee5b-608b-4575-8624-c962b45437bc	{"action":"token_revoked","actor_id":"27126fa2-b066-4cdc-b9bd-e0590216e5e9","actor_username":"leroii@mail.com","actor_via_sso":false,"log_type":"token"}	2024-10-17 00:03:45.547641+00	
00000000-0000-0000-0000-000000000000	02871de7-3840-4e1a-9a28-1aab539cc67f	{"action":"token_refreshed","actor_id":"27126fa2-b066-4cdc-b9bd-e0590216e5e9","actor_username":"leroii@mail.com","actor_via_sso":false,"log_type":"token"}	2024-10-17 15:45:12.41603+00	
00000000-0000-0000-0000-000000000000	f7f14e39-905f-4940-b6b0-743abe2539c7	{"action":"token_revoked","actor_id":"27126fa2-b066-4cdc-b9bd-e0590216e5e9","actor_username":"leroii@mail.com","actor_via_sso":false,"log_type":"token"}	2024-10-17 15:45:12.423692+00	
00000000-0000-0000-0000-000000000000	5b97c0f0-0774-4816-82fc-088cca1ee63d	{"action":"token_refreshed","actor_id":"27126fa2-b066-4cdc-b9bd-e0590216e5e9","actor_username":"leroii@mail.com","actor_via_sso":false,"log_type":"token"}	2024-10-18 12:46:06.345801+00	
00000000-0000-0000-0000-000000000000	e9d0fbf4-f9d8-4705-b5b3-d7c1487f5ed1	{"action":"token_revoked","actor_id":"27126fa2-b066-4cdc-b9bd-e0590216e5e9","actor_username":"leroii@mail.com","actor_via_sso":false,"log_type":"token"}	2024-10-18 12:46:06.3546+00	
00000000-0000-0000-0000-000000000000	fc3c3134-4735-49ac-87d0-b5c0b960cddd	{"action":"login","actor_id":"27126fa2-b066-4cdc-b9bd-e0590216e5e9","actor_username":"leroii@mail.com","actor_via_sso":false,"log_type":"account","traits":{"provider":"email"}}	2024-10-31 12:55:23.311489+00	
00000000-0000-0000-0000-000000000000	2c204ef4-ecf9-4523-b9e6-f587b35ec952	{"action":"login","actor_id":"27126fa2-b066-4cdc-b9bd-e0590216e5e9","actor_username":"leroii@mail.com","actor_via_sso":false,"log_type":"account","traits":{"provider":"email"}}	2024-10-31 12:58:00.893847+00	
\.


--
-- Data for Name: flow_state; Type: TABLE DATA; Schema: auth; Owner: supabase_auth_admin
--

COPY auth.flow_state (id, user_id, auth_code, code_challenge_method, code_challenge, provider_type, provider_access_token, provider_refresh_token, created_at, updated_at, authentication_method, auth_code_issued_at) FROM stdin;
\.


--
-- Data for Name: identities; Type: TABLE DATA; Schema: auth; Owner: supabase_auth_admin
--

COPY auth.identities (provider_id, user_id, identity_data, provider, last_sign_in_at, created_at, updated_at, id) FROM stdin;
8b2e4406-dfa7-40d6-ae5b-7c800fb3e68a	8b2e4406-dfa7-40d6-ae5b-7c800fb3e68a	{"sub": "8b2e4406-dfa7-40d6-ae5b-7c800fb3e68a", "email": "leroii@example.com", "email_verified": false, "phone_verified": false}	email	2024-04-22 14:34:58.249248+00	2024-04-22 14:34:58.249309+00	2024-04-22 14:34:58.249309+00	e9bf2c4d-8327-4b08-a22e-897e25382692
ad5a3d1d-448f-4297-9537-dbe092d3e57e	ad5a3d1d-448f-4297-9537-dbe092d3e57e	{"sub": "ad5a3d1d-448f-4297-9537-dbe092d3e57e", "email": "test@test.com", "avatar": "", "fullName": "Test", "email_verified": false, "phone_verified": false}	email	2024-04-22 21:51:07.986731+00	2024-04-22 21:51:07.986787+00	2024-04-22 21:51:07.986787+00	d8d97710-f787-4dc0-9484-314c25193fc7
8d363707-1ab3-4b9a-b3c1-6150ea0db222	8d363707-1ab3-4b9a-b3c1-6150ea0db222	{"sub": "8d363707-1ab3-4b9a-b3c1-6150ea0db222", "email": "lerol88723@haislot.com", "avatar": "", "fullName": "Phoney", "email_verified": false, "phone_verified": false}	email	2024-04-22 22:01:04.556343+00	2024-04-22 22:01:04.556407+00	2024-04-22 22:01:04.556407+00	04a29f05-1f4e-4c07-abcb-c95560bca323
27126fa2-b066-4cdc-b9bd-e0590216e5e9	27126fa2-b066-4cdc-b9bd-e0590216e5e9	{"sub": "27126fa2-b066-4cdc-b9bd-e0590216e5e9", "email": "leroii@mail.com", "email_verified": false, "phone_verified": false}	email	2024-07-24 23:29:50.690378+00	2024-07-24 23:29:50.690435+00	2024-07-24 23:29:50.690435+00	37e82b51-6dd5-4ac1-82cc-dde4c3ff061c
\.


--
-- Data for Name: instances; Type: TABLE DATA; Schema: auth; Owner: supabase_auth_admin
--

COPY auth.instances (id, uuid, raw_base_config, created_at, updated_at) FROM stdin;
\.


--
-- Data for Name: mfa_amr_claims; Type: TABLE DATA; Schema: auth; Owner: supabase_auth_admin
--

COPY auth.mfa_amr_claims (session_id, created_at, updated_at, authentication_method, id) FROM stdin;
68d4e9c0-8b27-4720-b9d5-f9609f010894	2024-04-23 14:44:59.855363+00	2024-04-23 14:44:59.855363+00	password	a4ddffff-fb7e-40ba-bd2e-bd2879b03234
355641d7-3b9e-446b-a77f-a4d6ef2717fa	2024-07-24 23:30:15.77718+00	2024-07-24 23:30:15.77718+00	password	17177a10-7c33-498a-a344-051d0bbf1c7e
2d81b40f-fefe-4e5e-af57-48e9808dad9b	2024-10-08 15:50:03.352435+00	2024-10-08 15:50:03.352435+00	password	5558bdb4-8717-4305-ad70-dd5029672610
3a38db16-ac87-4de4-bd61-6dce7662100a	2024-10-10 15:05:31.203191+00	2024-10-10 15:05:31.203191+00	password	b48316e7-57d4-4183-bfb4-51bd681475b9
2488e84c-2ae0-4321-bebe-9915287acc2b	2024-10-11 23:45:00.510209+00	2024-10-11 23:45:00.510209+00	password	7e47d536-488a-43f2-99bf-911794f28170
714f4db2-4941-41d8-b6d6-a73adb068180	2024-10-31 12:55:23.358781+00	2024-10-31 12:55:23.358781+00	password	6d64c100-0b1e-461a-93b7-eb140bf45abc
9024d8c6-75f4-4807-b32b-7a820672f1c5	2024-10-31 12:58:00.89777+00	2024-10-31 12:58:00.89777+00	password	0dbb2f38-24f1-480d-871b-8b17a24ea18a
\.


--
-- Data for Name: mfa_challenges; Type: TABLE DATA; Schema: auth; Owner: supabase_auth_admin
--

COPY auth.mfa_challenges (id, factor_id, created_at, verified_at, ip_address, otp_code, web_authn_session_data) FROM stdin;
\.


--
-- Data for Name: mfa_factors; Type: TABLE DATA; Schema: auth; Owner: supabase_auth_admin
--

COPY auth.mfa_factors (id, user_id, friendly_name, factor_type, status, created_at, updated_at, secret, phone, last_challenged_at, web_authn_credential, web_authn_aaguid) FROM stdin;
\.


--
-- Data for Name: one_time_tokens; Type: TABLE DATA; Schema: auth; Owner: supabase_auth_admin
--

COPY auth.one_time_tokens (id, user_id, token_type, token_hash, relates_to, created_at, updated_at) FROM stdin;
\.


--
-- Data for Name: refresh_tokens; Type: TABLE DATA; Schema: auth; Owner: supabase_auth_admin
--

COPY auth.refresh_tokens (instance_id, id, token, user_id, revoked, created_at, updated_at, parent, session_id) FROM stdin;
00000000-0000-0000-0000-000000000000	28	1A3gWtsTOSHrF1U78RT93A	ad5a3d1d-448f-4297-9537-dbe092d3e57e	t	2024-04-23 14:44:59.851234+00	2024-04-23 17:39:15.853856+00	\N	68d4e9c0-8b27-4720-b9d5-f9609f010894
00000000-0000-0000-0000-000000000000	29	2-ZWj2YY3oli8MWwtg68Qw	ad5a3d1d-448f-4297-9537-dbe092d3e57e	t	2024-04-23 17:39:15.865553+00	2024-04-23 19:00:43.653038+00	1A3gWtsTOSHrF1U78RT93A	68d4e9c0-8b27-4720-b9d5-f9609f010894
00000000-0000-0000-0000-000000000000	30	-C_Vqy49czv_1DOYIBeRLw	ad5a3d1d-448f-4297-9537-dbe092d3e57e	t	2024-04-23 19:00:43.668041+00	2024-04-24 09:09:26.973711+00	2-ZWj2YY3oli8MWwtg68Qw	68d4e9c0-8b27-4720-b9d5-f9609f010894
00000000-0000-0000-0000-000000000000	31	-DWmh7H7YXaG0zRemy6SkQ	ad5a3d1d-448f-4297-9537-dbe092d3e57e	t	2024-04-24 09:09:27.007051+00	2024-04-24 10:07:58.163165+00	-C_Vqy49czv_1DOYIBeRLw	68d4e9c0-8b27-4720-b9d5-f9609f010894
00000000-0000-0000-0000-000000000000	32	CXS6qjB-CIgONEUckPmUAA	ad5a3d1d-448f-4297-9537-dbe092d3e57e	t	2024-04-24 10:07:58.179686+00	2024-04-24 11:12:13.743025+00	-DWmh7H7YXaG0zRemy6SkQ	68d4e9c0-8b27-4720-b9d5-f9609f010894
00000000-0000-0000-0000-000000000000	33	tQv5n8_hOMYNV-d1pe2cfw	ad5a3d1d-448f-4297-9537-dbe092d3e57e	t	2024-04-24 11:12:13.758164+00	2024-04-24 14:58:15.542934+00	CXS6qjB-CIgONEUckPmUAA	68d4e9c0-8b27-4720-b9d5-f9609f010894
00000000-0000-0000-0000-000000000000	34	xvtVqUeuVskz34_uJDOi5Q	ad5a3d1d-448f-4297-9537-dbe092d3e57e	t	2024-04-24 14:58:15.566974+00	2024-04-24 15:56:41.503048+00	tQv5n8_hOMYNV-d1pe2cfw	68d4e9c0-8b27-4720-b9d5-f9609f010894
00000000-0000-0000-0000-000000000000	35	6YejJyWNPYaD7zOmLZWnkA	ad5a3d1d-448f-4297-9537-dbe092d3e57e	t	2024-04-24 15:56:41.505624+00	2024-04-24 16:58:43.364389+00	xvtVqUeuVskz34_uJDOi5Q	68d4e9c0-8b27-4720-b9d5-f9609f010894
00000000-0000-0000-0000-000000000000	36	BYK4CTzwgMmwDEVe1sjcDQ	ad5a3d1d-448f-4297-9537-dbe092d3e57e	t	2024-04-24 16:58:43.366276+00	2024-04-24 22:35:41.972109+00	6YejJyWNPYaD7zOmLZWnkA	68d4e9c0-8b27-4720-b9d5-f9609f010894
00000000-0000-0000-0000-000000000000	37	nSijqbF8g3t2dS0rEAqWBg	ad5a3d1d-448f-4297-9537-dbe092d3e57e	t	2024-04-24 22:35:41.996712+00	2024-04-25 10:10:13.777617+00	BYK4CTzwgMmwDEVe1sjcDQ	68d4e9c0-8b27-4720-b9d5-f9609f010894
00000000-0000-0000-0000-000000000000	38	SeV4OFmZvnBID5bPZTh3xA	ad5a3d1d-448f-4297-9537-dbe092d3e57e	t	2024-04-25 10:10:13.807682+00	2024-04-26 13:15:20.942278+00	nSijqbF8g3t2dS0rEAqWBg	68d4e9c0-8b27-4720-b9d5-f9609f010894
00000000-0000-0000-0000-000000000000	39	4qbyYIkmH_wvf7IOUhyPDQ	ad5a3d1d-448f-4297-9537-dbe092d3e57e	t	2024-04-26 13:15:20.968813+00	2024-04-26 14:30:15.520819+00	SeV4OFmZvnBID5bPZTh3xA	68d4e9c0-8b27-4720-b9d5-f9609f010894
00000000-0000-0000-0000-000000000000	40	Qs5mUgVfl9V0Uq0Igq-MAQ	ad5a3d1d-448f-4297-9537-dbe092d3e57e	t	2024-04-26 14:30:15.54045+00	2024-05-22 08:16:23.814247+00	4qbyYIkmH_wvf7IOUhyPDQ	68d4e9c0-8b27-4720-b9d5-f9609f010894
00000000-0000-0000-0000-000000000000	41	bOw7DzX1kpX_lfvvkj3U5Q	ad5a3d1d-448f-4297-9537-dbe092d3e57e	t	2024-05-22 08:16:23.816699+00	2024-05-22 09:15:19.824295+00	Qs5mUgVfl9V0Uq0Igq-MAQ	68d4e9c0-8b27-4720-b9d5-f9609f010894
00000000-0000-0000-0000-000000000000	45	IRX88ATKUlb8oExsy8RgVA	ad5a3d1d-448f-4297-9537-dbe092d3e57e	f	2024-05-22 09:15:19.824868+00	2024-05-22 09:15:19.824868+00	bOw7DzX1kpX_lfvvkj3U5Q	68d4e9c0-8b27-4720-b9d5-f9609f010894
00000000-0000-0000-0000-000000000000	46	VkzCXIRZ2hcvUpgKjCdEFA	27126fa2-b066-4cdc-b9bd-e0590216e5e9	t	2024-07-24 23:30:15.768619+00	2024-07-25 01:36:53.404455+00	\N	355641d7-3b9e-446b-a77f-a4d6ef2717fa
00000000-0000-0000-0000-000000000000	47	Plf0J7a6LwGEt2_VID2hAw	27126fa2-b066-4cdc-b9bd-e0590216e5e9	t	2024-07-25 01:36:53.406355+00	2024-07-25 09:51:23.433969+00	VkzCXIRZ2hcvUpgKjCdEFA	355641d7-3b9e-446b-a77f-a4d6ef2717fa
00000000-0000-0000-0000-000000000000	48	EciNPwnA1gfUrza256t_4g	27126fa2-b066-4cdc-b9bd-e0590216e5e9	t	2024-07-25 09:51:23.438084+00	2024-07-25 15:21:33.093569+00	Plf0J7a6LwGEt2_VID2hAw	355641d7-3b9e-446b-a77f-a4d6ef2717fa
00000000-0000-0000-0000-000000000000	49	7mkN5NoteRuq-qDTzu5RRA	27126fa2-b066-4cdc-b9bd-e0590216e5e9	t	2024-07-25 15:21:33.094211+00	2024-07-25 20:57:13.723652+00	EciNPwnA1gfUrza256t_4g	355641d7-3b9e-446b-a77f-a4d6ef2717fa
00000000-0000-0000-0000-000000000000	50	NsgTZWlNIEWWCG6o-2oKbA	27126fa2-b066-4cdc-b9bd-e0590216e5e9	f	2024-07-25 20:57:13.725657+00	2024-07-25 20:57:13.725657+00	7mkN5NoteRuq-qDTzu5RRA	355641d7-3b9e-446b-a77f-a4d6ef2717fa
00000000-0000-0000-0000-000000000000	52	12B1fSdK2JvD2UyocDGdzA	27126fa2-b066-4cdc-b9bd-e0590216e5e9	t	2024-10-08 15:50:03.343211+00	2024-10-08 18:10:59.456597+00	\N	2d81b40f-fefe-4e5e-af57-48e9808dad9b
00000000-0000-0000-0000-000000000000	53	hhs07TN_912JVxXw8ZvTDQ	27126fa2-b066-4cdc-b9bd-e0590216e5e9	t	2024-10-08 18:10:59.464672+00	2024-10-08 21:42:36.166209+00	12B1fSdK2JvD2UyocDGdzA	2d81b40f-fefe-4e5e-af57-48e9808dad9b
00000000-0000-0000-0000-000000000000	54	f43ABKX64frnMvnDIZ-sKw	27126fa2-b066-4cdc-b9bd-e0590216e5e9	t	2024-10-08 21:42:36.167901+00	2024-10-09 09:44:31.557368+00	hhs07TN_912JVxXw8ZvTDQ	2d81b40f-fefe-4e5e-af57-48e9808dad9b
00000000-0000-0000-0000-000000000000	55	Rj65TO1yOICkvLHhJQ2bdw	27126fa2-b066-4cdc-b9bd-e0590216e5e9	t	2024-10-09 09:44:31.567809+00	2024-10-09 12:52:40.765114+00	f43ABKX64frnMvnDIZ-sKw	2d81b40f-fefe-4e5e-af57-48e9808dad9b
00000000-0000-0000-0000-000000000000	56	FkXDnnlzoBJvN3d0S9g8lg	27126fa2-b066-4cdc-b9bd-e0590216e5e9	t	2024-10-09 12:52:40.766944+00	2024-10-09 14:59:15.780988+00	Rj65TO1yOICkvLHhJQ2bdw	2d81b40f-fefe-4e5e-af57-48e9808dad9b
00000000-0000-0000-0000-000000000000	57	LueSbzvgX7LJd2xd43TqiA	27126fa2-b066-4cdc-b9bd-e0590216e5e9	t	2024-10-09 14:59:15.782385+00	2024-10-09 16:07:06.06986+00	FkXDnnlzoBJvN3d0S9g8lg	2d81b40f-fefe-4e5e-af57-48e9808dad9b
00000000-0000-0000-0000-000000000000	58	hKafKjZlm5tMffJSqlxygQ	27126fa2-b066-4cdc-b9bd-e0590216e5e9	t	2024-10-09 16:07:06.072297+00	2024-10-09 18:27:46.139325+00	LueSbzvgX7LJd2xd43TqiA	2d81b40f-fefe-4e5e-af57-48e9808dad9b
00000000-0000-0000-0000-000000000000	59	LQKUsxTZd-DZxODmK3gQ1w	27126fa2-b066-4cdc-b9bd-e0590216e5e9	t	2024-10-09 18:27:46.141984+00	2024-10-09 22:57:56.044531+00	hKafKjZlm5tMffJSqlxygQ	2d81b40f-fefe-4e5e-af57-48e9808dad9b
00000000-0000-0000-0000-000000000000	60	MAUyWpr_9OBcherKJn99Bw	27126fa2-b066-4cdc-b9bd-e0590216e5e9	t	2024-10-09 22:57:56.047738+00	2024-10-10 15:05:20.780304+00	LQKUsxTZd-DZxODmK3gQ1w	2d81b40f-fefe-4e5e-af57-48e9808dad9b
00000000-0000-0000-0000-000000000000	61	E218tKz6IYTfaRMixDKUxg	27126fa2-b066-4cdc-b9bd-e0590216e5e9	f	2024-10-10 15:05:20.797615+00	2024-10-10 15:05:20.797615+00	MAUyWpr_9OBcherKJn99Bw	2d81b40f-fefe-4e5e-af57-48e9808dad9b
00000000-0000-0000-0000-000000000000	62	5ujmlOrFtG8dkhKjZW_PSw	27126fa2-b066-4cdc-b9bd-e0590216e5e9	t	2024-10-10 15:05:31.199411+00	2024-10-11 23:44:49.396303+00	\N	3a38db16-ac87-4de4-bd61-6dce7662100a
00000000-0000-0000-0000-000000000000	63	N6v8czxUe8MAlQg40vauBg	27126fa2-b066-4cdc-b9bd-e0590216e5e9	f	2024-10-11 23:44:49.411346+00	2024-10-11 23:44:49.411346+00	5ujmlOrFtG8dkhKjZW_PSw	3a38db16-ac87-4de4-bd61-6dce7662100a
00000000-0000-0000-0000-000000000000	64	fFzKZLOuShIooUHYjJ3E4Q	27126fa2-b066-4cdc-b9bd-e0590216e5e9	t	2024-10-11 23:45:00.507527+00	2024-10-14 08:51:44.490301+00	\N	2488e84c-2ae0-4321-bebe-9915287acc2b
00000000-0000-0000-0000-000000000000	65	3rNLwmMgtTdLcW20keH7Vw	27126fa2-b066-4cdc-b9bd-e0590216e5e9	t	2024-10-14 08:51:44.504923+00	2024-10-14 11:09:45.994182+00	fFzKZLOuShIooUHYjJ3E4Q	2488e84c-2ae0-4321-bebe-9915287acc2b
00000000-0000-0000-0000-000000000000	66	e1-muUkHQOjl-DBvnVBs7Q	27126fa2-b066-4cdc-b9bd-e0590216e5e9	t	2024-10-14 11:09:46.00043+00	2024-10-14 13:33:01.937174+00	3rNLwmMgtTdLcW20keH7Vw	2488e84c-2ae0-4321-bebe-9915287acc2b
00000000-0000-0000-0000-000000000000	67	MyUETy_l8fCkpuo_mSbyXQ	27126fa2-b066-4cdc-b9bd-e0590216e5e9	t	2024-10-14 13:33:01.94256+00	2024-10-16 12:08:02.843177+00	e1-muUkHQOjl-DBvnVBs7Q	2488e84c-2ae0-4321-bebe-9915287acc2b
00000000-0000-0000-0000-000000000000	68	Okqo1cEhl6oVeKASEn4QRA	27126fa2-b066-4cdc-b9bd-e0590216e5e9	t	2024-10-16 12:08:02.860964+00	2024-10-16 16:28:04.84471+00	MyUETy_l8fCkpuo_mSbyXQ	2488e84c-2ae0-4321-bebe-9915287acc2b
00000000-0000-0000-0000-000000000000	69	7-67-i6xnnT6ffsSfX8J2w	27126fa2-b066-4cdc-b9bd-e0590216e5e9	t	2024-10-16 16:28:04.848473+00	2024-10-17 00:03:45.548138+00	Okqo1cEhl6oVeKASEn4QRA	2488e84c-2ae0-4321-bebe-9915287acc2b
00000000-0000-0000-0000-000000000000	70	R7Ogd4I0XJ36xBiMKj6jdw	27126fa2-b066-4cdc-b9bd-e0590216e5e9	t	2024-10-17 00:03:45.553379+00	2024-10-17 15:45:12.425231+00	7-67-i6xnnT6ffsSfX8J2w	2488e84c-2ae0-4321-bebe-9915287acc2b
00000000-0000-0000-0000-000000000000	71	-D6RczagfHN6bsKvIDlZgg	27126fa2-b066-4cdc-b9bd-e0590216e5e9	t	2024-10-17 15:45:12.435502+00	2024-10-18 12:46:06.355503+00	R7Ogd4I0XJ36xBiMKj6jdw	2488e84c-2ae0-4321-bebe-9915287acc2b
00000000-0000-0000-0000-000000000000	72	JlfPPWpEYVFZF9LPrcwktw	27126fa2-b066-4cdc-b9bd-e0590216e5e9	f	2024-10-18 12:46:06.370109+00	2024-10-18 12:46:06.370109+00	-D6RczagfHN6bsKvIDlZgg	2488e84c-2ae0-4321-bebe-9915287acc2b
00000000-0000-0000-0000-000000000000	73	_HmkYgoqbQKhP0vRicGPrA	27126fa2-b066-4cdc-b9bd-e0590216e5e9	f	2024-10-31 12:55:23.341792+00	2024-10-31 12:55:23.341792+00	\N	714f4db2-4941-41d8-b6d6-a73adb068180
00000000-0000-0000-0000-000000000000	74	ErtXWrYxhbllNNhbNMRfcA	27126fa2-b066-4cdc-b9bd-e0590216e5e9	f	2024-10-31 12:58:00.895915+00	2024-10-31 12:58:00.895915+00	\N	9024d8c6-75f4-4807-b32b-7a820672f1c5
\.


--
-- Data for Name: saml_providers; Type: TABLE DATA; Schema: auth; Owner: supabase_auth_admin
--

COPY auth.saml_providers (id, sso_provider_id, entity_id, metadata_xml, metadata_url, attribute_mapping, created_at, updated_at, name_id_format) FROM stdin;
\.


--
-- Data for Name: saml_relay_states; Type: TABLE DATA; Schema: auth; Owner: supabase_auth_admin
--

COPY auth.saml_relay_states (id, sso_provider_id, request_id, for_email, redirect_to, created_at, updated_at, flow_state_id) FROM stdin;
\.


--
-- Data for Name: schema_migrations; Type: TABLE DATA; Schema: auth; Owner: supabase_auth_admin
--

COPY auth.schema_migrations (version) FROM stdin;
20171026211738
20171026211808
20171026211834
20180103212743
20180108183307
20180119214651
20180125194653
00
20210710035447
20210722035447
20210730183235
20210909172000
20210927181326
20211122151130
20211124214934
20211202183645
20220114185221
20220114185340
20220224000811
20220323170000
20220429102000
20220531120530
20220614074223
20220811173540
20221003041349
20221003041400
20221011041400
20221020193600
20221021073300
20221021082433
20221027105023
20221114143122
20221114143410
20221125140132
20221208132122
20221215195500
20221215195800
20221215195900
20230116124310
20230116124412
20230131181311
20230322519590
20230402418590
20230411005111
20230508135423
20230523124323
20230818113222
20230914180801
20231027141322
20231114161723
20231117164230
20240115144230
20240214120130
20240306115329
20240314092811
20240427152123
20240612123726
20240729123726
20240802193726
20240806073726
20241009103726
\.


--
-- Data for Name: sessions; Type: TABLE DATA; Schema: auth; Owner: supabase_auth_admin
--

COPY auth.sessions (id, user_id, created_at, updated_at, factor_id, aal, not_after, refreshed_at, user_agent, ip, tag) FROM stdin;
68d4e9c0-8b27-4720-b9d5-f9609f010894	ad5a3d1d-448f-4297-9537-dbe092d3e57e	2024-04-23 14:44:59.845216+00	2024-05-22 09:15:19.826882+00	\N	aal1	\N	2024-05-22 09:15:19.826802	Mozilla/5.0 (Windows NT 10.0; Win64; x64) AppleWebKit/537.36 (KHTML, like Gecko) Chrome/124.0.0.0 Safari/537.36	102.91.46.210	\N
355641d7-3b9e-446b-a77f-a4d6ef2717fa	27126fa2-b066-4cdc-b9bd-e0590216e5e9	2024-07-24 23:30:15.764995+00	2024-07-25 20:57:13.732299+00	\N	aal1	\N	2024-07-25 20:57:13.731069	Mozilla/5.0 (Windows NT 10.0; Win64; x64) AppleWebKit/537.36 (KHTML, like Gecko) Chrome/126.0.0.0 Safari/537.36	197.210.71.84	\N
2d81b40f-fefe-4e5e-af57-48e9808dad9b	27126fa2-b066-4cdc-b9bd-e0590216e5e9	2024-10-08 15:50:03.340394+00	2024-10-10 15:05:20.815255+00	\N	aal1	\N	2024-10-10 15:05:20.815179	Mozilla/5.0 (Windows NT 10.0; Win64; x64) AppleWebKit/537.36 (KHTML, like Gecko) Chrome/129.0.0.0 Safari/537.36	197.210.70.148	\N
3a38db16-ac87-4de4-bd61-6dce7662100a	27126fa2-b066-4cdc-b9bd-e0590216e5e9	2024-10-10 15:05:31.194113+00	2024-10-11 23:44:49.427301+00	\N	aal1	\N	2024-10-11 23:44:49.426656	Mozilla/5.0 (Windows NT 10.0; Win64; x64) AppleWebKit/537.36 (KHTML, like Gecko) Chrome/129.0.0.0 Safari/537.36	102.91.4.75	\N
2488e84c-2ae0-4321-bebe-9915287acc2b	27126fa2-b066-4cdc-b9bd-e0590216e5e9	2024-10-11 23:45:00.502003+00	2024-10-18 12:46:06.382403+00	\N	aal1	\N	2024-10-18 12:46:06.381532	Mozilla/5.0 (Windows NT 10.0; Win64; x64) AppleWebKit/537.36 (KHTML, like Gecko) Chrome/129.0.0.0 Safari/537.36	197.210.53.145	\N
714f4db2-4941-41d8-b6d6-a73adb068180	27126fa2-b066-4cdc-b9bd-e0590216e5e9	2024-10-31 12:55:23.330019+00	2024-10-31 12:55:23.330019+00	\N	aal1	\N	\N	Mozilla/5.0 (Windows NT 10.0; Win64; x64) AppleWebKit/537.36 (KHTML, like Gecko) Chrome/130.0.0.0 Safari/537.36	102.88.54.162	\N
9024d8c6-75f4-4807-b32b-7a820672f1c5	27126fa2-b066-4cdc-b9bd-e0590216e5e9	2024-10-31 12:58:00.89466+00	2024-10-31 12:58:00.89466+00	\N	aal1	\N	\N	Mozilla/5.0 (Windows NT 10.0; Win64; x64) AppleWebKit/537.36 (KHTML, like Gecko) Chrome/130.0.0.0 Safari/537.36	102.88.54.162	\N
\.


--
-- Data for Name: sso_domains; Type: TABLE DATA; Schema: auth; Owner: supabase_auth_admin
--

COPY auth.sso_domains (id, sso_provider_id, domain, created_at, updated_at) FROM stdin;
\.


--
-- Data for Name: sso_providers; Type: TABLE DATA; Schema: auth; Owner: supabase_auth_admin
--

COPY auth.sso_providers (id, resource_id, created_at, updated_at) FROM stdin;
\.


--
-- Data for Name: users; Type: TABLE DATA; Schema: auth; Owner: supabase_auth_admin
--

COPY auth.users (instance_id, id, aud, role, email, encrypted_password, email_confirmed_at, invited_at, confirmation_token, confirmation_sent_at, recovery_token, recovery_sent_at, email_change_token_new, email_change, email_change_sent_at, last_sign_in_at, raw_app_meta_data, raw_user_meta_data, is_super_admin, created_at, updated_at, phone, phone_confirmed_at, phone_change, phone_change_token, phone_change_sent_at, email_change_token_current, email_change_confirm_status, banned_until, reauthentication_token, reauthentication_sent_at, is_sso_user, deleted_at, is_anonymous) FROM stdin;
00000000-0000-0000-0000-000000000000	8d363707-1ab3-4b9a-b3c1-6150ea0db222	authenticated	authenticated	lerol88723@haislot.com	$2a$10$q0T43fvKayIqTW9H0WTaoe0XJJXDCadEHtXOVWKCqh/HMfYJ6sPaS	2024-04-22 22:02:23.898295+00	\N		2024-04-22 22:01:04.576153+00		\N			\N	2024-04-22 22:02:23.903682+00	{"provider": "email", "providers": ["email"]}	{"sub": "8d363707-1ab3-4b9a-b3c1-6150ea0db222", "email": "lerol88723@haislot.com", "avatar": "", "fullName": "Phoney", "email_verified": false, "phone_verified": false}	\N	2024-04-22 22:01:04.527852+00	2024-04-22 22:02:23.920315+00	\N	\N			\N		0	\N		\N	f	\N	f
00000000-0000-0000-0000-000000000000	ad5a3d1d-448f-4297-9537-dbe092d3e57e	authenticated	authenticated	test@test.com	$2a$10$aeqgqyOlp7sW4al8zdNcx.VcAx1Dof00yq8W06PvaR4VQwR.6gEXa	2024-04-22 21:51:07.998588+00	\N		\N		\N			\N	2024-04-23 14:44:59.845144+00	{"provider": "email", "providers": ["email"]}	{"sub": "ad5a3d1d-448f-4297-9537-dbe092d3e57e", "email": "test@test.com", "avatar": "https://englhbzrqqnicvkzshfq.supabase.co/storage/v1/object/public/avatars/avatar-ad5a3d1d-448f-4297-9537-dbe092d3e57e-0.7153311323947049", "fullName": "Leroii", "email_verified": false, "phone_verified": false}	\N	2024-04-22 21:51:07.95844+00	2024-05-22 09:15:19.825862+00	\N	\N			\N		0	\N		\N	f	\N	f
00000000-0000-0000-0000-000000000000	8b2e4406-dfa7-40d6-ae5b-7c800fb3e68a	authenticated	authenticated	leroii@example.com	$2a$10$lN8YtFDKec/34Ln/vCtVqugPs6SCi1KSdVjt9edxGhVmxFwHZgFjC	2024-04-22 14:34:58.263686+00	\N		\N		\N			\N	2024-10-08 14:33:00.562823+00	{"provider": "email", "providers": ["email"]}	{"avatar": "https://englhbzrqqnicvkzshfq.supabase.co/storage/v1/object/public/avatars/avatar-8b2e4406-dfa7-40d6-ae5b-7c800fb3e68a-0.30112476885266815", "fullName": "Roy Wesley"}	\N	2024-04-22 14:34:58.233955+00	2024-10-08 14:33:00.627518+00	\N	\N			\N		0	\N		\N	f	\N	f
00000000-0000-0000-0000-000000000000	27126fa2-b066-4cdc-b9bd-e0590216e5e9	authenticated	authenticated	leroii@mail.com	$2a$10$ZhIB4yfVKSY7TmvEDeNkY.JUMapM2UBM8cC4PyV4sTqjAnaUwWXhi	2024-07-24 23:29:50.69684+00	\N		\N		\N			\N	2024-10-31 12:58:00.894587+00	{"provider": "email", "providers": ["email"]}	{"avatar": "https://englhbzrqqnicvkzshfq.supabase.co/storage/v1/object/public/avatars/avatar-27126fa2-b066-4cdc-b9bd-e0590216e5e9-0.9856093077576826", "fullName": "Trey"}	\N	2024-07-24 23:29:50.681161+00	2024-10-31 12:58:00.89741+00	\N	\N			\N		0	\N		\N	f	\N	f
\.


--
-- Data for Name: key; Type: TABLE DATA; Schema: pgsodium; Owner: supabase_admin
--

COPY pgsodium.key (id, status, created, expires, key_type, key_id, key_context, name, associated_data, raw_key, raw_key_nonce, parent_key, comment, user_data) FROM stdin;
\.


--
-- Data for Name: bookings; Type: TABLE DATA; Schema: public; Owner: postgres
--

COPY public.bookings (id, created_at, "startDate", "endDate", "numNights", "numGuests", "cabinPrice", "extrasPrice", "totalPrice", status, "hasBreakfast", "isPaid", observations, "cabinId", "guestId") FROM stdin;
99	2024-10-11 12:58:40.677+00	2024-10-31 00:00:00	2024-11-07 00:00:00	7	1	1750	105	1855	unconfirmed	t	f	I have a gluten allergy and would like to request a gluten-free breakfast.	42	94
100	2024-09-28 12:58:40.677+00	2024-10-08 00:00:00	2024-10-18 00:00:00	10	2	2500	300	2800	checked-out	t	t		42	95
101	2024-10-04 12:58:40.677+00	2024-11-12 00:00:00	2024-11-18 00:00:00	6	2	1500	0	1500	unconfirmed	f	f		42	96
102	2024-09-16 12:58:40.677+00	2024-09-16 00:00:00	2024-10-02 00:00:00	16	2	5200	0	5200	checked-out	f	t		43	97
103	2024-10-29 12:58:40.677+00	2024-11-15 00:00:00	2024-11-18 00:00:00	3	2	975	90	1065	unconfirmed	t	t		43	98
104	2024-10-26 12:58:40.677+00	2024-12-03 00:00:00	2024-12-18 00:00:00	15	2	4875	450	5325	unconfirmed	t	f		43	99
105	2024-08-27 12:58:40.677+00	2024-10-06 00:00:00	2024-10-11 00:00:00	5	4	1500	300	1800	checked-out	t	t		44	100
106	2024-10-29 12:58:40.677+00	2024-10-29 00:00:00	2024-10-31 00:00:00	2	3	600	0	600	checked-in	f	t	We will be bringing our small dog with us	44	101
107	2024-10-17 12:58:40.677+00	2024-10-17 00:00:00	2024-10-20 00:00:00	3	4	900	180	1080	checked-out	t	t		44	102
108	2024-10-01 12:58:40.677+00	2024-10-27 00:00:00	2024-11-08 00:00:00	12	4	5400	720	6120	checked-in	t	t		45	103
109	2024-10-30 12:58:40.677+00	2024-11-12 00:00:00	2024-11-17 00:00:00	5	4	2250	300	2550	unconfirmed	t	f		45	104
110	2024-10-28 12:58:40.677+00	2024-11-18 00:00:00	2024-11-19 00:00:00	1	1	450	0	450	unconfirmed	f	t		45	105
111	2024-10-31 12:58:40.677+00	2024-11-14 00:00:00	2024-11-21 00:00:00	7	5	2450	525	2975	unconfirmed	t	f		46	106
112	2024-10-25 12:58:40.677+00	2024-10-25 00:00:00	2024-10-27 00:00:00	2	4	700	120	820	checked-out	t	t		46	107
113	2024-10-27 12:58:40.677+00	2024-10-27 00:00:00	2024-10-30 00:00:00	3	6	1050	0	1050	checked-out	f	t		46	108
114	2024-10-28 12:58:40.677+00	2024-10-31 00:00:00	2024-11-11 00:00:00	11	6	7700	0	7700	unconfirmed	f	t	We will be checking in late, around midnight. Hope that's okay :)	47	109
115	2024-10-15 12:58:40.677+00	2024-10-15 00:00:00	2024-10-22 00:00:00	7	4	4900	420	5320	checked-out	t	t	I will need a rollaway bed for one of the guests	47	110
116	2024-10-13 12:58:40.677+00	2024-10-27 00:00:00	2024-10-30 00:00:00	3	6	2100	270	2370	checked-out	t	t		47	111
117	2024-10-29 12:58:40.677+00	2024-11-17 00:00:00	2024-11-23 00:00:00	6	8	3000	0	3000	unconfirmed	f	f		48	112
118	2024-10-24 12:58:40.677+00	2024-12-10 00:00:00	2024-12-20 00:00:00	10	7	5000	1050	6050	unconfirmed	t	t		48	113
119	2024-09-06 12:58:40.677+00	2024-12-02 00:00:00	2024-12-07 00:00:00	5	6	2500	450	2950	unconfirmed	t	t		48	114
120	2024-10-23 12:58:40.677+00	2024-10-26 00:00:00	2024-10-31 00:00:00	5	9	7000	675	7675	checked-in	t	t	My wife has a gluten allergy so I would like to request a gluten-free breakfast if possible	49	93
121	2024-10-31 12:58:40.677+00	2024-10-31 00:00:00	2024-11-05 00:00:00	5	10	7000	750	7750	unconfirmed	t	t	I am celebrating my anniversary, can you arrange for any special amenities or decorations?	49	115
122	2024-10-21 12:58:40.677+00	2024-11-10 00:00:00	2024-11-13 00:00:00	3	7	4200	0	4200	unconfirmed	f	t		49	116
\.


--
-- Data for Name: cabins; Type: TABLE DATA; Schema: public; Owner: postgres
--

COPY public.cabins (id, created_at, name, "maxCapacity", "regularPrice", discount, description, image) FROM stdin;
42	2024-10-31 12:56:05.126284+00	001	2	250	0	Discover the ultimate luxury getaway for couples in the cozy wooden cabin 001. Nestled in a picturesque forest, this stunning cabin offers a secluded and intimate retreat. Inside, enjoy modern high-quality wood interiors, a comfortable seating area, a fireplace and a fully-equipped kitchen. The plush king-size bed, dressed in fine linens guarantees a peaceful nights sleep. Relax in the spa-like shower and unwind on the private deck with hot tub.	https://englhbzrqqnicvkzshfq.supabase.co/storage/v1/object/public/cabin-images/cabin-001.jpg
43	2024-10-31 12:56:05.126284+00	002	2	350	25	Escape to the serenity of nature and indulge in luxury in our cozy cabin 002. Perfect for couples, this cabin offers a secluded and intimate retreat in the heart of a picturesque forest. Inside, you will find warm and inviting interiors crafted from high-quality wood, a comfortable living area, a fireplace and a fully-equipped kitchen. The luxurious bedroom features a plush king-size bed and spa-like shower. Relax on the private deck with hot tub and take in the beauty of nature.	https://englhbzrqqnicvkzshfq.supabase.co/storage/v1/object/public/cabin-images/cabin-002.jpg
44	2024-10-31 12:56:05.126284+00	003	4	300	0	Experience luxury family living in our medium-sized wooden cabin 003. Perfect for families of up to 4 people, this cabin offers a comfortable and inviting space with all modern amenities. Inside, you will find warm and inviting interiors crafted from high-quality wood, a comfortable living area, a fireplace, and a fully-equipped kitchen. The bedrooms feature plush beds and spa-like bathrooms. The cabin has a private deck with a hot tub and outdoor seating area, perfect for taking in the natural surroundings.	https://englhbzrqqnicvkzshfq.supabase.co/storage/v1/object/public/cabin-images/cabin-003.jpg
45	2024-10-31 12:56:05.126284+00	004	4	500	50	Indulge in the ultimate luxury family vacation in this medium-sized cabin 004. Designed for families of up to 4, this cabin offers a sumptuous retreat for the discerning traveler. Inside, the cabin boasts of opulent interiors crafted from the finest quality wood, a comfortable living area, a fireplace, and a fully-equipped gourmet kitchen. The bedrooms are adorned with plush beds and spa-inspired en-suite bathrooms. Step outside to your private deck and soak in the natural surroundings while relaxing in your own hot tub.	https://englhbzrqqnicvkzshfq.supabase.co/storage/v1/object/public/cabin-images/cabin-004.jpg
46	2024-10-31 12:56:05.126284+00	005	6	350	0	Enjoy a comfortable and cozy getaway with your group or family in our spacious cabin 005. Designed to accommodate up to 6 people, this cabin offers a secluded retreat in the heart of nature. Inside, the cabin features warm and inviting interiors crafted from quality wood, a living area with fireplace, and a fully-equipped kitchen. The bedrooms are comfortable and equipped with en-suite bathrooms. Step outside to your private deck and take in the natural surroundings while relaxing in your own hot tub.	https://englhbzrqqnicvkzshfq.supabase.co/storage/v1/object/public/cabin-images/cabin-005.jpg
47	2024-10-31 12:56:05.126284+00	006	6	800	100	Experience the epitome of luxury with your group or family in our spacious wooden cabin 006. Designed to comfortably accommodate up to 6 people, this cabin offers a lavish retreat in the heart of nature. Inside, the cabin features opulent interiors crafted from premium wood, a grand living area with fireplace, and a fully-equipped gourmet kitchen. The bedrooms are adorned with plush beds and spa-like en-suite bathrooms. Step outside to your private deck and soak in the natural surroundings while relaxing in your own hot tub.	https://englhbzrqqnicvkzshfq.supabase.co/storage/v1/object/public/cabin-images/cabin-006.jpg
48	2024-10-31 12:56:05.126284+00	007	8	600	100	Accommodate your large group or multiple families in the spacious and grand wooden cabin 007. Designed to comfortably fit up to 8 people, this cabin offers a secluded retreat in the heart of beautiful forests and mountains. Inside, the cabin features warm and inviting interiors crafted from quality wood, multiple living areas with fireplace, and a fully-equipped kitchen. The bedrooms are comfortable and equipped with en-suite bathrooms. The cabin has a private deck with a hot tub and outdoor seating area, perfect for taking in the natural surroundings.	https://englhbzrqqnicvkzshfq.supabase.co/storage/v1/object/public/cabin-images/cabin-007.jpg
49	2024-10-31 12:56:05.126284+00	008	10	1400	0	Experience the epitome of luxury and grandeur with your large group or multiple families in our grand cabin 008. This cabin offers a lavish retreat that caters to all your needs and desires. The cabin features an opulent design and boasts of high-end finishes, intricate details and the finest quality wood throughout. Inside, the cabin features multiple grand living areas with fireplaces, a formal dining area, and a gourmet kitchen that is a chef's dream. The bedrooms are designed for ultimate comfort and luxury, with plush beds and en-suite spa-inspired bathrooms. Step outside and immerse yourself in the beauty of nature from your private deck, featuring a luxurious hot tub and ample seating areas for ultimate relaxation and enjoyment.	https://englhbzrqqnicvkzshfq.supabase.co/storage/v1/object/public/cabin-images/cabin-008.jpg
\.


--
-- Data for Name: guests; Type: TABLE DATA; Schema: public; Owner: postgres
--

COPY public.guests (id, created_at, "fullName", email, "nationalID", nationality, "countryFlag") FROM stdin;
93	2024-10-31 12:56:04.778278+00	Jonas Schmedtmann	hello@jonas.io	3525436345	Portugal	https://flagcdn.com/pt.svg
94	2024-10-31 12:56:04.778278+00	Jonathan Smith	johnsmith@test.eu	4534593454	Great Britain	https://flagcdn.com/gb.svg
95	2024-10-31 12:56:04.778278+00	Jonatan Johansson	jonatan@example.com	9374074454	Finland	https://flagcdn.com/fi.svg
96	2024-10-31 12:56:04.778278+00	Jonas Mueller	jonas@example.eu	1233212288	Germany	https://flagcdn.com/de.svg
97	2024-10-31 12:56:04.778278+00	Jonas Anderson	anderson@example.com	0988520146	Bolivia (Plurinational State of)	https://flagcdn.com/bo.svg
98	2024-10-31 12:56:04.778278+00	Jonathan Williams	jowi@gmail.com	633678543	United States of America	https://flagcdn.com/us.svg
99	2024-10-31 12:56:04.778278+00	Emma Watson	emma@gmail.com	1234578901	United Kingdom	https://flagcdn.com/gb.svg
100	2024-10-31 12:56:04.778278+00	Mohammed Ali	mohammedali@yahoo.com	987543210	Egypt	https://flagcdn.com/eg.svg
101	2024-10-31 12:56:04.778278+00	Maria Rodriguez	maria@gmail.com	1098765321	Spain	https://flagcdn.com/es.svg
102	2024-10-31 12:56:04.778278+00	Li Mei	li.mei@hotmail.com	102934756	China	https://flagcdn.com/cn.svg
103	2024-10-31 12:56:04.778278+00	Khadija Ahmed	khadija@gmail.com	1023457890	Sudan	https://flagcdn.com/sd.svg
104	2024-10-31 12:56:04.778278+00	Gabriel Silva	gabriel@gmail.com	109283465	Brazil	https://flagcdn.com/br.svg
105	2024-10-31 12:56:04.778278+00	Maria Gomez	maria@example.com	108765421	Mexico	https://flagcdn.com/mx.svg
106	2024-10-31 12:56:04.778278+00	Ahmed Hassan	ahmed@gmail.com	1077777777	Egypt	https://flagcdn.com/eg.svg
107	2024-10-31 12:56:04.778278+00	John Doe	johndoe@gmail.com	3245908744	United States	https://flagcdn.com/us.svg
108	2024-10-31 12:56:04.778278+00	Fatima Ahmed	fatima@example.com	1089999363	Pakistan	https://flagcdn.com/pk.svg
109	2024-10-31 12:56:04.778278+00	David Smith	david@gmail.com	44450960283	Australia	https://flagcdn.com/au.svg
110	2024-10-31 12:56:04.778278+00	Marie Dupont	marie@gmail.com	06934233728	France	https://flagcdn.com/fr.svg
111	2024-10-31 12:56:04.778278+00	Ramesh Patel	ramesh@gmail.com	9875412303	India	https://flagcdn.com/in.svg
112	2024-10-31 12:56:04.778278+00	Fatimah Al-Sayed	fatimah@gmail.com	0123456789	Kuwait	https://flagcdn.com/kw.svg
113	2024-10-31 12:56:04.778278+00	Nina Williams	nina@hotmail.com	2345678901	South Africa	https://flagcdn.com/za.svg
114	2024-10-31 12:56:04.778278+00	Taro Tanaka	taro@gmail.com	3456789012	Japan	https://flagcdn.com/jp.svg
115	2024-10-31 12:56:04.778278+00	Abdul Rahman	abdul@gmail.com	4567890123	Saudi Arabia	https://flagcdn.com/sa.svg
116	2024-10-31 12:56:04.778278+00	Julie Nguyen	julie@gmail.com	5678901234	Vietnam	https://flagcdn.com/vn.svg
117	2024-10-31 12:56:04.778278+00	Sara Lee	sara@gmail.com	6789012345	South Korea	https://flagcdn.com/kr.svg
118	2024-10-31 12:56:04.778278+00	Carlos Gomez	carlos@yahoo.com	7890123456	Colombia	https://flagcdn.com/co.svg
119	2024-10-31 12:56:04.778278+00	Emma Brown	emma@gmail.com	8901234567	Canada	https://flagcdn.com/ca.svg
120	2024-10-31 12:56:04.778278+00	Juan Hernandez	juan@yahoo.com	4343433333	Argentina	https://flagcdn.com/ar.svg
121	2024-10-31 12:56:04.778278+00	Ibrahim Ahmed	ibrahim@yahoo.com	2345678009	Nigeria	https://flagcdn.com/ng.svg
122	2024-10-31 12:56:04.778278+00	Mei Chen	mei@gmail.com	3456117890	Taiwan	https://flagcdn.com/tw.svg
\.


--
-- Data for Name: settings; Type: TABLE DATA; Schema: public; Owner: postgres
--

COPY public.settings (id, created_at, "minBookingLength", "maxBookingLength", "maxGuestsPerBooking", "breakfastPrice") FROM stdin;
1	2024-04-01 23:09:59.244247+00	3	4	5	20
\.


--
-- Data for Name: messages; Type: TABLE DATA; Schema: realtime; Owner: supabase_realtime_admin
--

COPY realtime.messages (id, topic, extension, inserted_at, updated_at) FROM stdin;
\.


--
-- Data for Name: schema_migrations; Type: TABLE DATA; Schema: realtime; Owner: supabase_admin
--

COPY realtime.schema_migrations (version, inserted_at) FROM stdin;
20211116024918	2024-05-08 14:39:34
20211116045059	2024-05-08 14:39:34
20211116050929	2024-05-08 14:39:34
20211116051442	2024-05-08 14:39:34
20211116212300	2024-05-08 14:39:34
20211116213355	2024-05-08 14:39:34
20211116213934	2024-05-08 14:39:34
20211116214523	2024-05-08 14:39:34
20211122062447	2024-05-08 14:39:34
20211124070109	2024-05-08 14:39:34
20211202204204	2024-05-08 14:39:34
20211202204605	2024-05-08 14:39:34
20211210212804	2024-05-08 14:39:34
20211228014915	2024-05-08 14:39:34
20220107221237	2024-05-08 14:39:34
20220228202821	2024-05-08 14:39:34
20220312004840	2024-05-08 14:39:34
20220603231003	2024-05-08 14:39:34
20220603232444	2024-05-08 14:39:34
20220615214548	2024-05-08 14:39:34
20220712093339	2024-05-08 14:39:34
20220908172859	2024-05-08 14:39:34
20220916233421	2024-05-08 14:39:34
20230119133233	2024-05-08 14:39:34
20230128025114	2024-05-08 14:39:34
20230128025212	2024-05-08 14:39:35
20230227211149	2024-05-08 14:39:35
20230228184745	2024-05-08 14:39:35
20230308225145	2024-05-08 14:39:35
20230328144023	2024-05-08 14:39:35
20231018144023	2024-05-08 14:39:35
20231204144023	2024-05-08 14:39:35
20231204144024	2024-05-08 14:39:35
20231204144025	2024-05-08 14:39:35
20240108234812	2024-05-08 14:39:35
20240109165339	2024-05-08 14:39:35
20240227174441	2024-05-08 14:39:35
20240311171622	2024-05-08 14:39:35
20240321100241	2024-05-08 14:39:35
20240401105812	2024-05-08 14:39:35
20240418121054	2024-05-08 14:39:35
20240523004032	2024-10-31 12:50:06
20240618124746	2024-10-31 12:50:06
20240801235015	2024-10-31 12:50:06
20240805133720	2024-10-31 12:50:06
20240827160934	2024-10-31 12:50:06
\.


--
-- Data for Name: subscription; Type: TABLE DATA; Schema: realtime; Owner: supabase_admin
--

COPY realtime.subscription (id, subscription_id, entity, filters, claims, created_at) FROM stdin;
\.


--
-- Data for Name: buckets; Type: TABLE DATA; Schema: storage; Owner: supabase_storage_admin
--

COPY storage.buckets (id, name, owner, created_at, updated_at, public, avif_autodetection, file_size_limit, allowed_mime_types, owner_id) FROM stdin;
avatars	avatars	\N	2024-04-02 00:28:38.245081+00	2024-04-02 00:28:38.245081+00	t	f	\N	\N	\N
cabin-images	cabin-images	\N	2024-04-02 00:28:54.58721+00	2024-04-02 00:28:54.58721+00	t	f	\N	\N	\N
\.


--
-- Data for Name: migrations; Type: TABLE DATA; Schema: storage; Owner: supabase_storage_admin
--

COPY storage.migrations (id, name, hash, executed_at) FROM stdin;
0	create-migrations-table	e18db593bcde2aca2a408c4d1100f6abba2195df	2024-04-01 22:42:29.573659
1	initialmigration	6ab16121fbaa08bbd11b712d05f358f9b555d777	2024-04-01 22:42:29.627316
2	storage-schema	5c7968fd083fcea04050c1b7f6253c9771b99011	2024-04-01 22:42:29.675292
3	pathtoken-column	2cb1b0004b817b29d5b0a971af16bafeede4b70d	2024-04-01 22:42:29.743765
4	add-migrations-rls	427c5b63fe1c5937495d9c635c263ee7a5905058	2024-04-01 22:42:29.820218
5	add-size-functions	79e081a1455b63666c1294a440f8ad4b1e6a7f84	2024-04-01 22:42:29.86721
6	change-column-name-in-get-size	f93f62afdf6613ee5e7e815b30d02dc990201044	2024-04-01 22:42:29.915469
7	add-rls-to-buckets	e7e7f86adbc51049f341dfe8d30256c1abca17aa	2024-04-01 22:42:29.963216
8	add-public-to-buckets	fd670db39ed65f9d08b01db09d6202503ca2bab3	2024-04-01 22:42:30.020905
9	fix-search-function	3a0af29f42e35a4d101c259ed955b67e1bee6825	2024-04-01 22:42:30.071639
10	search-files-search-function	68dc14822daad0ffac3746a502234f486182ef6e	2024-04-01 22:42:30.080058
11	add-trigger-to-auto-update-updated_at-column	7425bdb14366d1739fa8a18c83100636d74dcaa2	2024-04-01 22:42:30.132003
12	add-automatic-avif-detection-flag	8e92e1266eb29518b6a4c5313ab8f29dd0d08df9	2024-04-01 22:42:30.183793
13	add-bucket-custom-limits	cce962054138135cd9a8c4bcd531598684b25e7d	2024-04-01 22:42:30.191088
14	use-bytes-for-max-size	941c41b346f9802b411f06f30e972ad4744dad27	2024-04-01 22:42:30.20157
15	add-can-insert-object-function	934146bc38ead475f4ef4b555c524ee5d66799e5	2024-04-01 22:42:30.237884
16	add-version	76debf38d3fd07dcfc747ca49096457d95b1221b	2024-04-01 22:42:30.244484
17	drop-owner-foreign-key	f1cbb288f1b7a4c1eb8c38504b80ae2a0153d101	2024-04-01 22:42:30.291309
18	add_owner_id_column_deprecate_owner	e7a511b379110b08e2f214be852c35414749fe66	2024-04-01 22:42:30.304767
19	alter-default-value-objects-id	02e5e22a78626187e00d173dc45f58fa66a4f043	2024-04-01 22:42:30.35505
20	list-objects-with-delimiter	cd694ae708e51ba82bf012bba00caf4f3b6393b7	2024-04-15 23:13:41.247363
21	s3-multipart-uploads	8c804d4a566c40cd1e4cc5b3725a664a9303657f	2024-04-15 23:13:41.376101
22	s3-multipart-uploads-big-ints	9737dc258d2397953c9953d9b86920b8be0cdb73	2024-04-15 23:13:41.492024
23	optimize-search-function	9d7e604cddc4b56a5422dc68c9313f4a1b6f132c	2024-04-15 23:13:41.669517
24	operation-function	8312e37c2bf9e76bbe841aa5fda889206d2bf8aa	2024-07-24 23:24:30.907059
25	custom-metadata	67eb93b7e8d401cafcdc97f9ac779e71a79bfe03	2024-09-06 14:39:08.858113
\.


--
-- Data for Name: objects; Type: TABLE DATA; Schema: storage; Owner: supabase_storage_admin
--

COPY storage.objects (id, bucket_id, name, owner, created_at, updated_at, last_accessed_at, metadata, version, owner_id, user_metadata) FROM stdin;
348a04e2-1393-4715-8b25-2edf5be5935d	cabin-images	cabin-004.jpg	\N	2024-04-02 00:30:27.129417+00	2024-04-02 00:30:27.129417+00	2024-04-02 00:30:27.129417+00	{"eTag": "\\"c43b8e6bd7abc5412fbd5eafc9985dc0\\"", "size": 250312, "mimetype": "image/jpeg", "cacheControl": "max-age=3600", "lastModified": "2024-04-02T00:30:27.000Z", "contentLength": 250312, "httpStatusCode": 200}	c7cdb655-4b96-4de2-906a-432dbc3e11fb	\N	\N
2f792a66-e346-4e32-924e-5c1ca3a05487	cabin-images	cabin-007.jpg	\N	2024-04-02 00:30:27.154825+00	2024-04-02 00:30:27.154825+00	2024-04-02 00:30:27.154825+00	{"eTag": "\\"7a2f383aa7f5f2a2ebc6d5310ab2ff6a\\"", "size": 231604, "mimetype": "image/jpeg", "cacheControl": "max-age=3600", "lastModified": "2024-04-02T00:30:28.000Z", "contentLength": 231604, "httpStatusCode": 200}	5cc9d615-33b8-4d00-a7de-56e933f38d13	\N	\N
ff0804d1-e173-4aaa-8f2e-b90ef61d3f57	cabin-images	cabin-003.jpg	\N	2024-04-02 00:30:27.296463+00	2024-04-02 00:30:27.296463+00	2024-04-02 00:30:27.296463+00	{"eTag": "\\"b31d3641a0223d5a698787d6ef1611e0\\"", "size": 254300, "mimetype": "image/jpeg", "cacheControl": "max-age=3600", "lastModified": "2024-04-02T00:30:28.000Z", "contentLength": 254300, "httpStatusCode": 200}	86075238-8e4f-404b-bbeb-5a50485e93ba	\N	\N
27149074-2e1c-44a0-ac2d-b7a59b76729b	cabin-images	cabin-001.jpg	\N	2024-04-02 00:30:27.138444+00	2024-04-02 00:30:27.138444+00	2024-04-02 00:30:27.138444+00	{"eTag": "\\"70bc8192eddc7bc8aaa156219831fa10\\"", "size": 261067, "mimetype": "image/jpeg", "cacheControl": "max-age=3600", "lastModified": "2024-04-02T00:30:28.000Z", "contentLength": 261067, "httpStatusCode": 200}	87ec5387-1488-4669-9c8e-0ea9c3026f67	\N	\N
72ee19b6-95c3-49c7-909e-e5318bc9f63f	cabin-images	cabin-002.jpg	\N	2024-04-02 00:30:27.305547+00	2024-04-02 00:30:27.305547+00	2024-04-02 00:30:27.305547+00	{"eTag": "\\"066647c2de6f1de34d0253f8fcd26ed8\\"", "size": 211817, "mimetype": "image/jpeg", "cacheControl": "max-age=3600", "lastModified": "2024-04-02T00:30:28.000Z", "contentLength": 211817, "httpStatusCode": 200}	da71e788-6510-4a48-afc7-bfea90b5c283	\N	\N
9389d00a-9282-4214-a693-3950d28f4990	cabin-images	cabin-008.jpg	\N	2024-04-02 00:30:27.307041+00	2024-04-02 00:30:27.307041+00	2024-04-02 00:30:27.307041+00	{"eTag": "\\"c4c9d33aabf06bdd7cb18fbef5837a7f\\"", "size": 252747, "mimetype": "image/jpeg", "cacheControl": "max-age=3600", "lastModified": "2024-04-02T00:30:28.000Z", "contentLength": 252747, "httpStatusCode": 200}	51693499-a69c-4596-8c02-5a7cd4014ab2	\N	\N
51e273e0-6a57-48b4-9545-a3a22a4d8efd	cabin-images	cabin-006.jpg	\N	2024-04-02 00:30:27.429619+00	2024-04-02 00:30:27.429619+00	2024-04-02 00:30:27.429619+00	{"eTag": "\\"8d1f4e869fb13c640ed1d20cf9c95a9c\\"", "size": 262253, "mimetype": "image/jpeg", "cacheControl": "max-age=3600", "lastModified": "2024-04-02T00:30:28.000Z", "contentLength": 262253, "httpStatusCode": 200}	eea5b8db-f069-4fcc-962f-f9782c3baf91	\N	\N
35316983-5d1b-4a46-a87b-5a799c1c7df4	cabin-images	cabin-005.jpg	\N	2024-04-02 00:30:27.40828+00	2024-04-02 00:30:27.40828+00	2024-04-02 00:30:27.40828+00	{"eTag": "\\"f0708351f7c8e59dae5e3517a36e7e16\\"", "size": 298446, "mimetype": "image/jpeg", "cacheControl": "max-age=3600", "lastModified": "2024-04-02T00:30:28.000Z", "contentLength": 298446, "httpStatusCode": 200}	884445ff-2268-4c64-a82a-a8ca59abb4ea	\N	\N
6fe6fe43-dd69-4ea9-b64f-a8f7e9fa6010	cabin-images	0.23800847661549596-cabin-008.jpg	\N	2024-04-04 17:17:49.401687+00	2024-04-04 17:17:49.401687+00	2024-04-04 17:17:49.401687+00	{"eTag": "\\"c4c9d33aabf06bdd7cb18fbef5837a7f\\"", "size": 252747, "mimetype": "image/jpeg", "cacheControl": "max-age=3600", "lastModified": "2024-04-04T17:17:50.000Z", "contentLength": 252747, "httpStatusCode": 200}	c11b957f-ab7a-49b4-b490-049172345223	\N	\N
daaafb83-c586-4d38-a24a-444fcfaca26a	cabin-images	0.38319420166375684-undefined	\N	2024-04-04 18:50:57.026266+00	2024-04-04 18:50:57.026266+00	2024-04-04 18:50:57.026266+00	{"eTag": "\\"7162b41a7c94d7e25909a31180cdf12a\\"", "size": 112, "mimetype": "text/plain;charset=UTF-8", "cacheControl": "max-age=3600", "lastModified": "2024-04-04T18:50:57.000Z", "contentLength": 112, "httpStatusCode": 200}	dd297287-9e38-495e-887a-861f16db6e6b	\N	\N
a219da37-b953-49d1-b8ac-d497b761d6c8	cabin-images	0.9425565474224573-undefined	\N	2024-04-04 18:53:01.698409+00	2024-04-04 18:53:01.698409+00	2024-04-04 18:53:01.698409+00	{"eTag": "\\"cdf6e5acef471f3c5f039e71e6911ab9\\"", "size": 108, "mimetype": "text/plain;charset=UTF-8", "cacheControl": "max-age=3600", "lastModified": "2024-04-04T18:53:02.000Z", "contentLength": 108, "httpStatusCode": 200}	b4f3a955-4662-43c7-a2a7-201ffeeeec91	\N	\N
a965fd03-76f3-40df-8d46-04f86b2d62d4	cabin-images	0.8015486441443187-cabin-005.jpg	\N	2024-04-04 18:56:24.412879+00	2024-04-04 18:56:24.412879+00	2024-04-04 18:56:24.412879+00	{"eTag": "\\"f0708351f7c8e59dae5e3517a36e7e16\\"", "size": 298446, "mimetype": "image/jpeg", "cacheControl": "max-age=3600", "lastModified": "2024-04-04T18:56:25.000Z", "contentLength": 298446, "httpStatusCode": 200}	8554f3eb-79e9-48ca-abb8-86835bb89d13	\N	\N
a24e519e-816a-4ba6-8c82-ead2ff1fe281	cabin-images	0.8147421986428158-undefined	\N	2024-04-04 18:56:50.414848+00	2024-04-04 18:56:50.414848+00	2024-04-04 18:56:50.414848+00	{"eTag": "\\"d12a6e20c3f6e0f4c596ff6f5cdfe14b\\"", "size": 111, "mimetype": "text/plain;charset=UTF-8", "cacheControl": "max-age=3600", "lastModified": "2024-04-04T18:56:51.000Z", "contentLength": 111, "httpStatusCode": 200}	53c97d37-dce7-476f-bcf2-c6315d505f69	\N	\N
a6002741-5a06-4548-88f4-d8056baea3df	cabin-images	0.24255646938510544-cabin-002.jpg	\N	2024-04-04 18:58:35.028498+00	2024-04-04 18:58:35.028498+00	2024-04-04 18:58:35.028498+00	{"eTag": "\\"066647c2de6f1de34d0253f8fcd26ed8\\"", "size": 211817, "mimetype": "image/jpeg", "cacheControl": "max-age=3600", "lastModified": "2024-04-04T18:58:35.000Z", "contentLength": 211817, "httpStatusCode": 200}	f641dd80-711f-44a4-aec0-0251b2f885b4	\N	\N
ac3ee851-f26c-44f9-a704-96f08411eba0	cabin-images	0.862655901520474-cabin-004.jpg	\N	2024-04-04 18:58:50.71295+00	2024-04-04 18:58:50.71295+00	2024-04-04 18:58:50.71295+00	{"eTag": "\\"c43b8e6bd7abc5412fbd5eafc9985dc0\\"", "size": 250312, "mimetype": "image/jpeg", "cacheControl": "max-age=3600", "lastModified": "2024-04-04T18:58:51.000Z", "contentLength": 250312, "httpStatusCode": 200}	736b2db8-0aef-4560-a5d3-27d8dd701148	\N	\N
c5be74ca-6c07-438c-adc6-858132c8bfb3	cabin-images	0.05084266549746164-cabin-002.jpg	\N	2024-04-11 10:35:24.541217+00	2024-04-11 10:35:24.541217+00	2024-04-11 10:35:24.541217+00	{"eTag": "\\"066647c2de6f1de34d0253f8fcd26ed8\\"", "size": 211817, "mimetype": "image/jpeg", "cacheControl": "max-age=3600", "lastModified": "2024-04-11T10:35:25.000Z", "contentLength": 211817, "httpStatusCode": 200}	744da917-2593-4a01-9888-db2f6b54551b	\N	\N
6e575fa3-0da0-453b-a24a-608083c3312b	cabin-images	0.5815728134514373-undefined	\N	2024-04-11 10:36:06.455728+00	2024-04-11 10:36:06.455728+00	2024-04-11 10:36:06.455728+00	{"eTag": "\\"78196c3bee17db5ac526fcf4912c1677\\"", "size": 112, "mimetype": "text/plain;charset=UTF-8", "cacheControl": "max-age=3600", "lastModified": "2024-04-11T10:36:07.000Z", "contentLength": 112, "httpStatusCode": 200}	fdc09554-9baf-4bc9-a0c5-7478f75ab137	\N	\N
da99ec6b-bbff-49f0-a3a9-53dbd0e5acba	avatars	cabin-001.jpg	\N	2024-04-23 13:23:39.468239+00	2024-04-23 13:23:39.468239+00	2024-04-23 13:23:39.468239+00	{"eTag": "\\"70bc8192eddc7bc8aaa156219831fa10\\"", "size": 261067, "mimetype": "image/jpeg", "cacheControl": "max-age=3600", "lastModified": "2024-04-23T13:23:40.000Z", "contentLength": 261067, "httpStatusCode": 200}	afe34197-6c5b-49d8-81bb-102be79b8025	\N	\N
9810e2c5-5b79-4fcf-be89-3f3c6b4f5d19	avatars	avatar-ad5a3d1d-448f-4297-9537-dbe092d3e57e-0.6188260693185872	ad5a3d1d-448f-4297-9537-dbe092d3e57e	2024-04-23 14:27:23.58706+00	2024-04-23 14:27:23.58706+00	2024-04-23 14:27:23.58706+00	{"eTag": "\\"70bc8192eddc7bc8aaa156219831fa10\\"", "size": 261067, "mimetype": "image/jpeg", "cacheControl": "max-age=3600", "lastModified": "2024-04-23T14:27:24.000Z", "contentLength": 261067, "httpStatusCode": 200}	60e63975-a203-4f46-a977-1edad7a547e7	ad5a3d1d-448f-4297-9537-dbe092d3e57e	\N
94710c6e-402e-497c-bd37-2497f9a3fce9	avatars	avatar-ad5a3d1d-448f-4297-9537-dbe092d3e57e-0.06075571065279117	ad5a3d1d-448f-4297-9537-dbe092d3e57e	2024-04-23 14:29:19.498831+00	2024-04-23 14:29:19.498831+00	2024-04-23 14:29:19.498831+00	{"eTag": "\\"7a2f383aa7f5f2a2ebc6d5310ab2ff6a\\"", "size": 231604, "mimetype": "image/jpeg", "cacheControl": "max-age=3600", "lastModified": "2024-04-23T14:29:20.000Z", "contentLength": 231604, "httpStatusCode": 200}	a7fdc09a-0300-4521-aca9-224cf07fb54d	ad5a3d1d-448f-4297-9537-dbe092d3e57e	\N
aa5b8550-1cdc-41bb-b170-680205f51c79	avatars	avatar-ad5a3d1d-448f-4297-9537-dbe092d3e57e-0.8734186076231005	ad5a3d1d-448f-4297-9537-dbe092d3e57e	2024-04-23 17:52:57.672904+00	2024-04-23 17:52:57.672904+00	2024-04-23 17:52:57.672904+00	{"eTag": "\\"c43b8e6bd7abc5412fbd5eafc9985dc0\\"", "size": 250312, "mimetype": "image/jpeg", "cacheControl": "max-age=3600", "lastModified": "2024-04-23T17:52:58.000Z", "contentLength": 250312, "httpStatusCode": 200}	f7d56a57-9226-4b48-a208-b33edef04edc	ad5a3d1d-448f-4297-9537-dbe092d3e57e	\N
0be2ccf9-0570-4b7b-94d0-872261eb99ba	avatars	avatar-ad5a3d1d-448f-4297-9537-dbe092d3e57e-0.1142405565690865	ad5a3d1d-448f-4297-9537-dbe092d3e57e	2024-04-23 17:53:47.949657+00	2024-04-23 17:53:47.949657+00	2024-04-23 17:53:47.949657+00	{"eTag": "\\"c4c9d33aabf06bdd7cb18fbef5837a7f\\"", "size": 252747, "mimetype": "image/jpeg", "cacheControl": "max-age=3600", "lastModified": "2024-04-23T17:53:48.000Z", "contentLength": 252747, "httpStatusCode": 200}	99c686eb-ce7c-4d13-8616-bfd27af8bb6e	ad5a3d1d-448f-4297-9537-dbe092d3e57e	\N
ff2225a1-fd21-443d-8bbe-4166df076174	avatars	avatar-ad5a3d1d-448f-4297-9537-dbe092d3e57e-0.7153311323947049	ad5a3d1d-448f-4297-9537-dbe092d3e57e	2024-04-23 17:55:34.843815+00	2024-04-23 17:55:34.843815+00	2024-04-23 17:55:34.843815+00	{"eTag": "\\"70bc8192eddc7bc8aaa156219831fa10\\"", "size": 261067, "mimetype": "image/jpeg", "cacheControl": "max-age=3600", "lastModified": "2024-04-23T17:55:35.000Z", "contentLength": 261067, "httpStatusCode": 200}	a698b7b0-43c2-4ef6-bcf2-5ef2798674fb	ad5a3d1d-448f-4297-9537-dbe092d3e57e	\N
46507e98-b004-4096-a6cc-052a4384caf2	avatars	avatar-8b2e4406-dfa7-40d6-ae5b-7c800fb3e68a-0.30112476885266815	8b2e4406-dfa7-40d6-ae5b-7c800fb3e68a	2024-05-22 08:40:54.594749+00	2024-05-22 08:40:54.594749+00	2024-05-22 08:40:54.594749+00	{"eTag": "\\"4d6a5a8ebe8879aaf2f15351bd35ac15\\"", "size": 17922, "mimetype": "image/jpeg", "cacheControl": "max-age=3600", "lastModified": "2024-05-22T08:40:55.000Z", "contentLength": 17922, "httpStatusCode": 200}	ef34c8e9-c7d0-4012-afba-3b814c212b2f	8b2e4406-dfa7-40d6-ae5b-7c800fb3e68a	\N
fcc65354-e530-473c-aebe-093e48799959	avatars	avatar-27126fa2-b066-4cdc-b9bd-e0590216e5e9-0.9856093077576826	27126fa2-b066-4cdc-b9bd-e0590216e5e9	2024-10-09 10:00:21.216183+00	2024-10-09 10:00:21.216183+00	2024-10-09 10:00:21.216183+00	{"eTag": "\\"b737fea615a0562ca2a50b6cce3fb86f\\"", "size": 748722, "mimetype": "image/png", "cacheControl": "max-age=3600", "lastModified": "2024-10-09T10:00:22.000Z", "contentLength": 748722, "httpStatusCode": 200}	94290688-bebb-417a-be85-211d869cd4d1	27126fa2-b066-4cdc-b9bd-e0590216e5e9	{}
\.


--
-- Data for Name: s3_multipart_uploads; Type: TABLE DATA; Schema: storage; Owner: supabase_storage_admin
--

COPY storage.s3_multipart_uploads (id, in_progress_size, upload_signature, bucket_id, key, version, owner_id, created_at, user_metadata) FROM stdin;
\.


--
-- Data for Name: s3_multipart_uploads_parts; Type: TABLE DATA; Schema: storage; Owner: supabase_storage_admin
--

COPY storage.s3_multipart_uploads_parts (id, upload_id, size, part_number, bucket_id, key, etag, owner_id, version, created_at) FROM stdin;
\.


--
-- Data for Name: secrets; Type: TABLE DATA; Schema: vault; Owner: supabase_admin
--

COPY vault.secrets (id, name, description, secret, key_id, nonce, created_at, updated_at) FROM stdin;
\.


--
-- Name: refresh_tokens_id_seq; Type: SEQUENCE SET; Schema: auth; Owner: supabase_auth_admin
--

SELECT pg_catalog.setval('auth.refresh_tokens_id_seq', 74, true);


--
-- Name: key_key_id_seq; Type: SEQUENCE SET; Schema: pgsodium; Owner: supabase_admin
--

SELECT pg_catalog.setval('pgsodium.key_key_id_seq', 1, false);


--
-- Name: bookings_id_seq; Type: SEQUENCE SET; Schema: public; Owner: postgres
--

SELECT pg_catalog.setval('public.bookings_id_seq', 122, true);


--
-- Name: cabins_id_seq; Type: SEQUENCE SET; Schema: public; Owner: postgres
--

SELECT pg_catalog.setval('public.cabins_id_seq', 49, true);


--
-- Name: guests_id_seq; Type: SEQUENCE SET; Schema: public; Owner: postgres
--

SELECT pg_catalog.setval('public.guests_id_seq', 122, true);


--
-- Name: settings_id_seq; Type: SEQUENCE SET; Schema: public; Owner: postgres
--

SELECT pg_catalog.setval('public.settings_id_seq', 1, true);


--
-- Name: messages_id_seq; Type: SEQUENCE SET; Schema: realtime; Owner: supabase_realtime_admin
--

SELECT pg_catalog.setval('realtime.messages_id_seq', 1, false);


--
-- Name: subscription_id_seq; Type: SEQUENCE SET; Schema: realtime; Owner: supabase_admin
--

SELECT pg_catalog.setval('realtime.subscription_id_seq', 1, false);


--
-- Name: mfa_amr_claims amr_id_pk; Type: CONSTRAINT; Schema: auth; Owner: supabase_auth_admin
--

ALTER TABLE ONLY auth.mfa_amr_claims
    ADD CONSTRAINT amr_id_pk PRIMARY KEY (id);


--
-- Name: audit_log_entries audit_log_entries_pkey; Type: CONSTRAINT; Schema: auth; Owner: supabase_auth_admin
--

ALTER TABLE ONLY auth.audit_log_entries
    ADD CONSTRAINT audit_log_entries_pkey PRIMARY KEY (id);


--
-- Name: flow_state flow_state_pkey; Type: CONSTRAINT; Schema: auth; Owner: supabase_auth_admin
--

ALTER TABLE ONLY auth.flow_state
    ADD CONSTRAINT flow_state_pkey PRIMARY KEY (id);


--
-- Name: identities identities_pkey; Type: CONSTRAINT; Schema: auth; Owner: supabase_auth_admin
--

ALTER TABLE ONLY auth.identities
    ADD CONSTRAINT identities_pkey PRIMARY KEY (id);


--
-- Name: identities identities_provider_id_provider_unique; Type: CONSTRAINT; Schema: auth; Owner: supabase_auth_admin
--

ALTER TABLE ONLY auth.identities
    ADD CONSTRAINT identities_provider_id_provider_unique UNIQUE (provider_id, provider);


--
-- Name: instances instances_pkey; Type: CONSTRAINT; Schema: auth; Owner: supabase_auth_admin
--

ALTER TABLE ONLY auth.instances
    ADD CONSTRAINT instances_pkey PRIMARY KEY (id);


--
-- Name: mfa_amr_claims mfa_amr_claims_session_id_authentication_method_pkey; Type: CONSTRAINT; Schema: auth; Owner: supabase_auth_admin
--

ALTER TABLE ONLY auth.mfa_amr_claims
    ADD CONSTRAINT mfa_amr_claims_session_id_authentication_method_pkey UNIQUE (session_id, authentication_method);


--
-- Name: mfa_challenges mfa_challenges_pkey; Type: CONSTRAINT; Schema: auth; Owner: supabase_auth_admin
--

ALTER TABLE ONLY auth.mfa_challenges
    ADD CONSTRAINT mfa_challenges_pkey PRIMARY KEY (id);


--
-- Name: mfa_factors mfa_factors_last_challenged_at_key; Type: CONSTRAINT; Schema: auth; Owner: supabase_auth_admin
--

ALTER TABLE ONLY auth.mfa_factors
    ADD CONSTRAINT mfa_factors_last_challenged_at_key UNIQUE (last_challenged_at);


--
-- Name: mfa_factors mfa_factors_pkey; Type: CONSTRAINT; Schema: auth; Owner: supabase_auth_admin
--

ALTER TABLE ONLY auth.mfa_factors
    ADD CONSTRAINT mfa_factors_pkey PRIMARY KEY (id);


--
-- Name: one_time_tokens one_time_tokens_pkey; Type: CONSTRAINT; Schema: auth; Owner: supabase_auth_admin
--

ALTER TABLE ONLY auth.one_time_tokens
    ADD CONSTRAINT one_time_tokens_pkey PRIMARY KEY (id);


--
-- Name: refresh_tokens refresh_tokens_pkey; Type: CONSTRAINT; Schema: auth; Owner: supabase_auth_admin
--

ALTER TABLE ONLY auth.refresh_tokens
    ADD CONSTRAINT refresh_tokens_pkey PRIMARY KEY (id);


--
-- Name: refresh_tokens refresh_tokens_token_unique; Type: CONSTRAINT; Schema: auth; Owner: supabase_auth_admin
--

ALTER TABLE ONLY auth.refresh_tokens
    ADD CONSTRAINT refresh_tokens_token_unique UNIQUE (token);


--
-- Name: saml_providers saml_providers_entity_id_key; Type: CONSTRAINT; Schema: auth; Owner: supabase_auth_admin
--

ALTER TABLE ONLY auth.saml_providers
    ADD CONSTRAINT saml_providers_entity_id_key UNIQUE (entity_id);


--
-- Name: saml_providers saml_providers_pkey; Type: CONSTRAINT; Schema: auth; Owner: supabase_auth_admin
--

ALTER TABLE ONLY auth.saml_providers
    ADD CONSTRAINT saml_providers_pkey PRIMARY KEY (id);


--
-- Name: saml_relay_states saml_relay_states_pkey; Type: CONSTRAINT; Schema: auth; Owner: supabase_auth_admin
--

ALTER TABLE ONLY auth.saml_relay_states
    ADD CONSTRAINT saml_relay_states_pkey PRIMARY KEY (id);


--
-- Name: schema_migrations schema_migrations_pkey; Type: CONSTRAINT; Schema: auth; Owner: supabase_auth_admin
--

ALTER TABLE ONLY auth.schema_migrations
    ADD CONSTRAINT schema_migrations_pkey PRIMARY KEY (version);


--
-- Name: sessions sessions_pkey; Type: CONSTRAINT; Schema: auth; Owner: supabase_auth_admin
--

ALTER TABLE ONLY auth.sessions
    ADD CONSTRAINT sessions_pkey PRIMARY KEY (id);


--
-- Name: sso_domains sso_domains_pkey; Type: CONSTRAINT; Schema: auth; Owner: supabase_auth_admin
--

ALTER TABLE ONLY auth.sso_domains
    ADD CONSTRAINT sso_domains_pkey PRIMARY KEY (id);


--
-- Name: sso_providers sso_providers_pkey; Type: CONSTRAINT; Schema: auth; Owner: supabase_auth_admin
--

ALTER TABLE ONLY auth.sso_providers
    ADD CONSTRAINT sso_providers_pkey PRIMARY KEY (id);


--
-- Name: users users_phone_key; Type: CONSTRAINT; Schema: auth; Owner: supabase_auth_admin
--

ALTER TABLE ONLY auth.users
    ADD CONSTRAINT users_phone_key UNIQUE (phone);


--
-- Name: users users_pkey; Type: CONSTRAINT; Schema: auth; Owner: supabase_auth_admin
--

ALTER TABLE ONLY auth.users
    ADD CONSTRAINT users_pkey PRIMARY KEY (id);


--
-- Name: bookings bookings_pkey; Type: CONSTRAINT; Schema: public; Owner: postgres
--

ALTER TABLE ONLY public.bookings
    ADD CONSTRAINT bookings_pkey PRIMARY KEY (id);


--
-- Name: cabins cabins_pkey; Type: CONSTRAINT; Schema: public; Owner: postgres
--

ALTER TABLE ONLY public.cabins
    ADD CONSTRAINT cabins_pkey PRIMARY KEY (id);


--
-- Name: guests guests_pkey; Type: CONSTRAINT; Schema: public; Owner: postgres
--

ALTER TABLE ONLY public.guests
    ADD CONSTRAINT guests_pkey PRIMARY KEY (id);


--
-- Name: settings settings_pkey; Type: CONSTRAINT; Schema: public; Owner: postgres
--

ALTER TABLE ONLY public.settings
    ADD CONSTRAINT settings_pkey PRIMARY KEY (id);


--
-- Name: messages messages_pkey; Type: CONSTRAINT; Schema: realtime; Owner: supabase_realtime_admin
--

ALTER TABLE ONLY realtime.messages
    ADD CONSTRAINT messages_pkey PRIMARY KEY (id);


--
-- Name: subscription pk_subscription; Type: CONSTRAINT; Schema: realtime; Owner: supabase_admin
--

ALTER TABLE ONLY realtime.subscription
    ADD CONSTRAINT pk_subscription PRIMARY KEY (id);


--
-- Name: schema_migrations schema_migrations_pkey; Type: CONSTRAINT; Schema: realtime; Owner: supabase_admin
--

ALTER TABLE ONLY realtime.schema_migrations
    ADD CONSTRAINT schema_migrations_pkey PRIMARY KEY (version);


--
-- Name: buckets buckets_pkey; Type: CONSTRAINT; Schema: storage; Owner: supabase_storage_admin
--

ALTER TABLE ONLY storage.buckets
    ADD CONSTRAINT buckets_pkey PRIMARY KEY (id);


--
-- Name: migrations migrations_name_key; Type: CONSTRAINT; Schema: storage; Owner: supabase_storage_admin
--

ALTER TABLE ONLY storage.migrations
    ADD CONSTRAINT migrations_name_key UNIQUE (name);


--
-- Name: migrations migrations_pkey; Type: CONSTRAINT; Schema: storage; Owner: supabase_storage_admin
--

ALTER TABLE ONLY storage.migrations
    ADD CONSTRAINT migrations_pkey PRIMARY KEY (id);


--
-- Name: objects objects_pkey; Type: CONSTRAINT; Schema: storage; Owner: supabase_storage_admin
--

ALTER TABLE ONLY storage.objects
    ADD CONSTRAINT objects_pkey PRIMARY KEY (id);


--
-- Name: s3_multipart_uploads_parts s3_multipart_uploads_parts_pkey; Type: CONSTRAINT; Schema: storage; Owner: supabase_storage_admin
--

ALTER TABLE ONLY storage.s3_multipart_uploads_parts
    ADD CONSTRAINT s3_multipart_uploads_parts_pkey PRIMARY KEY (id);


--
-- Name: s3_multipart_uploads s3_multipart_uploads_pkey; Type: CONSTRAINT; Schema: storage; Owner: supabase_storage_admin
--

ALTER TABLE ONLY storage.s3_multipart_uploads
    ADD CONSTRAINT s3_multipart_uploads_pkey PRIMARY KEY (id);


--
-- Name: audit_logs_instance_id_idx; Type: INDEX; Schema: auth; Owner: supabase_auth_admin
--

CREATE INDEX audit_logs_instance_id_idx ON auth.audit_log_entries USING btree (instance_id);


--
-- Name: confirmation_token_idx; Type: INDEX; Schema: auth; Owner: supabase_auth_admin
--

CREATE UNIQUE INDEX confirmation_token_idx ON auth.users USING btree (confirmation_token) WHERE ((confirmation_token)::text !~ '^[0-9 ]*$'::text);


--
-- Name: email_change_token_current_idx; Type: INDEX; Schema: auth; Owner: supabase_auth_admin
--

CREATE UNIQUE INDEX email_change_token_current_idx ON auth.users USING btree (email_change_token_current) WHERE ((email_change_token_current)::text !~ '^[0-9 ]*$'::text);


--
-- Name: email_change_token_new_idx; Type: INDEX; Schema: auth; Owner: supabase_auth_admin
--

CREATE UNIQUE INDEX email_change_token_new_idx ON auth.users USING btree (email_change_token_new) WHERE ((email_change_token_new)::text !~ '^[0-9 ]*$'::text);


--
-- Name: factor_id_created_at_idx; Type: INDEX; Schema: auth; Owner: supabase_auth_admin
--

CREATE INDEX factor_id_created_at_idx ON auth.mfa_factors USING btree (user_id, created_at);


--
-- Name: flow_state_created_at_idx; Type: INDEX; Schema: auth; Owner: supabase_auth_admin
--

CREATE INDEX flow_state_created_at_idx ON auth.flow_state USING btree (created_at DESC);


--
-- Name: identities_email_idx; Type: INDEX; Schema: auth; Owner: supabase_auth_admin
--

CREATE INDEX identities_email_idx ON auth.identities USING btree (email text_pattern_ops);


--
-- Name: INDEX identities_email_idx; Type: COMMENT; Schema: auth; Owner: supabase_auth_admin
--

COMMENT ON INDEX auth.identities_email_idx IS 'Auth: Ensures indexed queries on the email column';


--
-- Name: identities_user_id_idx; Type: INDEX; Schema: auth; Owner: supabase_auth_admin
--

CREATE INDEX identities_user_id_idx ON auth.identities USING btree (user_id);


--
-- Name: idx_auth_code; Type: INDEX; Schema: auth; Owner: supabase_auth_admin
--

CREATE INDEX idx_auth_code ON auth.flow_state USING btree (auth_code);


--
-- Name: idx_user_id_auth_method; Type: INDEX; Schema: auth; Owner: supabase_auth_admin
--

CREATE INDEX idx_user_id_auth_method ON auth.flow_state USING btree (user_id, authentication_method);


--
-- Name: mfa_challenge_created_at_idx; Type: INDEX; Schema: auth; Owner: supabase_auth_admin
--

CREATE INDEX mfa_challenge_created_at_idx ON auth.mfa_challenges USING btree (created_at DESC);


--
-- Name: mfa_factors_user_friendly_name_unique; Type: INDEX; Schema: auth; Owner: supabase_auth_admin
--

CREATE UNIQUE INDEX mfa_factors_user_friendly_name_unique ON auth.mfa_factors USING btree (friendly_name, user_id) WHERE (TRIM(BOTH FROM friendly_name) <> ''::text);


--
-- Name: mfa_factors_user_id_idx; Type: INDEX; Schema: auth; Owner: supabase_auth_admin
--

CREATE INDEX mfa_factors_user_id_idx ON auth.mfa_factors USING btree (user_id);


--
-- Name: one_time_tokens_relates_to_hash_idx; Type: INDEX; Schema: auth; Owner: supabase_auth_admin
--

CREATE INDEX one_time_tokens_relates_to_hash_idx ON auth.one_time_tokens USING hash (relates_to);


--
-- Name: one_time_tokens_token_hash_hash_idx; Type: INDEX; Schema: auth; Owner: supabase_auth_admin
--

CREATE INDEX one_time_tokens_token_hash_hash_idx ON auth.one_time_tokens USING hash (token_hash);


--
-- Name: one_time_tokens_user_id_token_type_key; Type: INDEX; Schema: auth; Owner: supabase_auth_admin
--

CREATE UNIQUE INDEX one_time_tokens_user_id_token_type_key ON auth.one_time_tokens USING btree (user_id, token_type);


--
-- Name: reauthentication_token_idx; Type: INDEX; Schema: auth; Owner: supabase_auth_admin
--

CREATE UNIQUE INDEX reauthentication_token_idx ON auth.users USING btree (reauthentication_token) WHERE ((reauthentication_token)::text !~ '^[0-9 ]*$'::text);


--
-- Name: recovery_token_idx; Type: INDEX; Schema: auth; Owner: supabase_auth_admin
--

CREATE UNIQUE INDEX recovery_token_idx ON auth.users USING btree (recovery_token) WHERE ((recovery_token)::text !~ '^[0-9 ]*$'::text);


--
-- Name: refresh_tokens_instance_id_idx; Type: INDEX; Schema: auth; Owner: supabase_auth_admin
--

CREATE INDEX refresh_tokens_instance_id_idx ON auth.refresh_tokens USING btree (instance_id);


--
-- Name: refresh_tokens_instance_id_user_id_idx; Type: INDEX; Schema: auth; Owner: supabase_auth_admin
--

CREATE INDEX refresh_tokens_instance_id_user_id_idx ON auth.refresh_tokens USING btree (instance_id, user_id);


--
-- Name: refresh_tokens_parent_idx; Type: INDEX; Schema: auth; Owner: supabase_auth_admin
--

CREATE INDEX refresh_tokens_parent_idx ON auth.refresh_tokens USING btree (parent);


--
-- Name: refresh_tokens_session_id_revoked_idx; Type: INDEX; Schema: auth; Owner: supabase_auth_admin
--

CREATE INDEX refresh_tokens_session_id_revoked_idx ON auth.refresh_tokens USING btree (session_id, revoked);


--
-- Name: refresh_tokens_updated_at_idx; Type: INDEX; Schema: auth; Owner: supabase_auth_admin
--

CREATE INDEX refresh_tokens_updated_at_idx ON auth.refresh_tokens USING btree (updated_at DESC);


--
-- Name: saml_providers_sso_provider_id_idx; Type: INDEX; Schema: auth; Owner: supabase_auth_admin
--

CREATE INDEX saml_providers_sso_provider_id_idx ON auth.saml_providers USING btree (sso_provider_id);


--
-- Name: saml_relay_states_created_at_idx; Type: INDEX; Schema: auth; Owner: supabase_auth_admin
--

CREATE INDEX saml_relay_states_created_at_idx ON auth.saml_relay_states USING btree (created_at DESC);


--
-- Name: saml_relay_states_for_email_idx; Type: INDEX; Schema: auth; Owner: supabase_auth_admin
--

CREATE INDEX saml_relay_states_for_email_idx ON auth.saml_relay_states USING btree (for_email);


--
-- Name: saml_relay_states_sso_provider_id_idx; Type: INDEX; Schema: auth; Owner: supabase_auth_admin
--

CREATE INDEX saml_relay_states_sso_provider_id_idx ON auth.saml_relay_states USING btree (sso_provider_id);


--
-- Name: sessions_not_after_idx; Type: INDEX; Schema: auth; Owner: supabase_auth_admin
--

CREATE INDEX sessions_not_after_idx ON auth.sessions USING btree (not_after DESC);


--
-- Name: sessions_user_id_idx; Type: INDEX; Schema: auth; Owner: supabase_auth_admin
--

CREATE INDEX sessions_user_id_idx ON auth.sessions USING btree (user_id);


--
-- Name: sso_domains_domain_idx; Type: INDEX; Schema: auth; Owner: supabase_auth_admin
--

CREATE UNIQUE INDEX sso_domains_domain_idx ON auth.sso_domains USING btree (lower(domain));


--
-- Name: sso_domains_sso_provider_id_idx; Type: INDEX; Schema: auth; Owner: supabase_auth_admin
--

CREATE INDEX sso_domains_sso_provider_id_idx ON auth.sso_domains USING btree (sso_provider_id);


--
-- Name: sso_providers_resource_id_idx; Type: INDEX; Schema: auth; Owner: supabase_auth_admin
--

CREATE UNIQUE INDEX sso_providers_resource_id_idx ON auth.sso_providers USING btree (lower(resource_id));


--
-- Name: unique_phone_factor_per_user; Type: INDEX; Schema: auth; Owner: supabase_auth_admin
--

CREATE UNIQUE INDEX unique_phone_factor_per_user ON auth.mfa_factors USING btree (user_id, phone);


--
-- Name: user_id_created_at_idx; Type: INDEX; Schema: auth; Owner: supabase_auth_admin
--

CREATE INDEX user_id_created_at_idx ON auth.sessions USING btree (user_id, created_at);


--
-- Name: users_email_partial_key; Type: INDEX; Schema: auth; Owner: supabase_auth_admin
--

CREATE UNIQUE INDEX users_email_partial_key ON auth.users USING btree (email) WHERE (is_sso_user = false);


--
-- Name: INDEX users_email_partial_key; Type: COMMENT; Schema: auth; Owner: supabase_auth_admin
--

COMMENT ON INDEX auth.users_email_partial_key IS 'Auth: A partial unique index that applies only when is_sso_user is false';


--
-- Name: users_instance_id_email_idx; Type: INDEX; Schema: auth; Owner: supabase_auth_admin
--

CREATE INDEX users_instance_id_email_idx ON auth.users USING btree (instance_id, lower((email)::text));


--
-- Name: users_instance_id_idx; Type: INDEX; Schema: auth; Owner: supabase_auth_admin
--

CREATE INDEX users_instance_id_idx ON auth.users USING btree (instance_id);


--
-- Name: users_is_anonymous_idx; Type: INDEX; Schema: auth; Owner: supabase_auth_admin
--

CREATE INDEX users_is_anonymous_idx ON auth.users USING btree (is_anonymous);


--
-- Name: ix_realtime_subscription_entity; Type: INDEX; Schema: realtime; Owner: supabase_admin
--

CREATE INDEX ix_realtime_subscription_entity ON realtime.subscription USING hash (entity);


--
-- Name: messages_topic_index; Type: INDEX; Schema: realtime; Owner: supabase_realtime_admin
--

CREATE INDEX messages_topic_index ON realtime.messages USING btree (topic);


--
-- Name: subscription_subscription_id_entity_filters_key; Type: INDEX; Schema: realtime; Owner: supabase_admin
--

CREATE UNIQUE INDEX subscription_subscription_id_entity_filters_key ON realtime.subscription USING btree (subscription_id, entity, filters);


--
-- Name: bname; Type: INDEX; Schema: storage; Owner: supabase_storage_admin
--

CREATE UNIQUE INDEX bname ON storage.buckets USING btree (name);


--
-- Name: bucketid_objname; Type: INDEX; Schema: storage; Owner: supabase_storage_admin
--

CREATE UNIQUE INDEX bucketid_objname ON storage.objects USING btree (bucket_id, name);


--
-- Name: idx_multipart_uploads_list; Type: INDEX; Schema: storage; Owner: supabase_storage_admin
--

CREATE INDEX idx_multipart_uploads_list ON storage.s3_multipart_uploads USING btree (bucket_id, key, created_at);


--
-- Name: idx_objects_bucket_id_name; Type: INDEX; Schema: storage; Owner: supabase_storage_admin
--

CREATE INDEX idx_objects_bucket_id_name ON storage.objects USING btree (bucket_id, name COLLATE "C");


--
-- Name: name_prefix_search; Type: INDEX; Schema: storage; Owner: supabase_storage_admin
--

CREATE INDEX name_prefix_search ON storage.objects USING btree (name text_pattern_ops);


--
-- Name: subscription tr_check_filters; Type: TRIGGER; Schema: realtime; Owner: supabase_admin
--

CREATE TRIGGER tr_check_filters BEFORE INSERT OR UPDATE ON realtime.subscription FOR EACH ROW EXECUTE FUNCTION realtime.subscription_check_filters();


--
-- Name: objects update_objects_updated_at; Type: TRIGGER; Schema: storage; Owner: supabase_storage_admin
--

CREATE TRIGGER update_objects_updated_at BEFORE UPDATE ON storage.objects FOR EACH ROW EXECUTE FUNCTION storage.update_updated_at_column();


--
-- Name: identities identities_user_id_fkey; Type: FK CONSTRAINT; Schema: auth; Owner: supabase_auth_admin
--

ALTER TABLE ONLY auth.identities
    ADD CONSTRAINT identities_user_id_fkey FOREIGN KEY (user_id) REFERENCES auth.users(id) ON DELETE CASCADE;


--
-- Name: mfa_amr_claims mfa_amr_claims_session_id_fkey; Type: FK CONSTRAINT; Schema: auth; Owner: supabase_auth_admin
--

ALTER TABLE ONLY auth.mfa_amr_claims
    ADD CONSTRAINT mfa_amr_claims_session_id_fkey FOREIGN KEY (session_id) REFERENCES auth.sessions(id) ON DELETE CASCADE;


--
-- Name: mfa_challenges mfa_challenges_auth_factor_id_fkey; Type: FK CONSTRAINT; Schema: auth; Owner: supabase_auth_admin
--

ALTER TABLE ONLY auth.mfa_challenges
    ADD CONSTRAINT mfa_challenges_auth_factor_id_fkey FOREIGN KEY (factor_id) REFERENCES auth.mfa_factors(id) ON DELETE CASCADE;


--
-- Name: mfa_factors mfa_factors_user_id_fkey; Type: FK CONSTRAINT; Schema: auth; Owner: supabase_auth_admin
--

ALTER TABLE ONLY auth.mfa_factors
    ADD CONSTRAINT mfa_factors_user_id_fkey FOREIGN KEY (user_id) REFERENCES auth.users(id) ON DELETE CASCADE;


--
-- Name: one_time_tokens one_time_tokens_user_id_fkey; Type: FK CONSTRAINT; Schema: auth; Owner: supabase_auth_admin
--

ALTER TABLE ONLY auth.one_time_tokens
    ADD CONSTRAINT one_time_tokens_user_id_fkey FOREIGN KEY (user_id) REFERENCES auth.users(id) ON DELETE CASCADE;


--
-- Name: refresh_tokens refresh_tokens_session_id_fkey; Type: FK CONSTRAINT; Schema: auth; Owner: supabase_auth_admin
--

ALTER TABLE ONLY auth.refresh_tokens
    ADD CONSTRAINT refresh_tokens_session_id_fkey FOREIGN KEY (session_id) REFERENCES auth.sessions(id) ON DELETE CASCADE;


--
-- Name: saml_providers saml_providers_sso_provider_id_fkey; Type: FK CONSTRAINT; Schema: auth; Owner: supabase_auth_admin
--

ALTER TABLE ONLY auth.saml_providers
    ADD CONSTRAINT saml_providers_sso_provider_id_fkey FOREIGN KEY (sso_provider_id) REFERENCES auth.sso_providers(id) ON DELETE CASCADE;


--
-- Name: saml_relay_states saml_relay_states_flow_state_id_fkey; Type: FK CONSTRAINT; Schema: auth; Owner: supabase_auth_admin
--

ALTER TABLE ONLY auth.saml_relay_states
    ADD CONSTRAINT saml_relay_states_flow_state_id_fkey FOREIGN KEY (flow_state_id) REFERENCES auth.flow_state(id) ON DELETE CASCADE;


--
-- Name: saml_relay_states saml_relay_states_sso_provider_id_fkey; Type: FK CONSTRAINT; Schema: auth; Owner: supabase_auth_admin
--

ALTER TABLE ONLY auth.saml_relay_states
    ADD CONSTRAINT saml_relay_states_sso_provider_id_fkey FOREIGN KEY (sso_provider_id) REFERENCES auth.sso_providers(id) ON DELETE CASCADE;


--
-- Name: sessions sessions_user_id_fkey; Type: FK CONSTRAINT; Schema: auth; Owner: supabase_auth_admin
--

ALTER TABLE ONLY auth.sessions
    ADD CONSTRAINT sessions_user_id_fkey FOREIGN KEY (user_id) REFERENCES auth.users(id) ON DELETE CASCADE;


--
-- Name: sso_domains sso_domains_sso_provider_id_fkey; Type: FK CONSTRAINT; Schema: auth; Owner: supabase_auth_admin
--

ALTER TABLE ONLY auth.sso_domains
    ADD CONSTRAINT sso_domains_sso_provider_id_fkey FOREIGN KEY (sso_provider_id) REFERENCES auth.sso_providers(id) ON DELETE CASCADE;


--
-- Name: bookings public_bookings_cabinId_fkey; Type: FK CONSTRAINT; Schema: public; Owner: postgres
--

ALTER TABLE ONLY public.bookings
    ADD CONSTRAINT "public_bookings_cabinId_fkey" FOREIGN KEY ("cabinId") REFERENCES public.cabins(id);


--
-- Name: bookings public_bookings_guestId_fkey; Type: FK CONSTRAINT; Schema: public; Owner: postgres
--

ALTER TABLE ONLY public.bookings
    ADD CONSTRAINT "public_bookings_guestId_fkey" FOREIGN KEY ("guestId") REFERENCES public.guests(id);


--
-- Name: objects objects_bucketId_fkey; Type: FK CONSTRAINT; Schema: storage; Owner: supabase_storage_admin
--

ALTER TABLE ONLY storage.objects
    ADD CONSTRAINT "objects_bucketId_fkey" FOREIGN KEY (bucket_id) REFERENCES storage.buckets(id);


--
-- Name: s3_multipart_uploads s3_multipart_uploads_bucket_id_fkey; Type: FK CONSTRAINT; Schema: storage; Owner: supabase_storage_admin
--

ALTER TABLE ONLY storage.s3_multipart_uploads
    ADD CONSTRAINT s3_multipart_uploads_bucket_id_fkey FOREIGN KEY (bucket_id) REFERENCES storage.buckets(id);


--
-- Name: s3_multipart_uploads_parts s3_multipart_uploads_parts_bucket_id_fkey; Type: FK CONSTRAINT; Schema: storage; Owner: supabase_storage_admin
--

ALTER TABLE ONLY storage.s3_multipart_uploads_parts
    ADD CONSTRAINT s3_multipart_uploads_parts_bucket_id_fkey FOREIGN KEY (bucket_id) REFERENCES storage.buckets(id);


--
-- Name: s3_multipart_uploads_parts s3_multipart_uploads_parts_upload_id_fkey; Type: FK CONSTRAINT; Schema: storage; Owner: supabase_storage_admin
--

ALTER TABLE ONLY storage.s3_multipart_uploads_parts
    ADD CONSTRAINT s3_multipart_uploads_parts_upload_id_fkey FOREIGN KEY (upload_id) REFERENCES storage.s3_multipart_uploads(id) ON DELETE CASCADE;


--
-- Name: audit_log_entries; Type: ROW SECURITY; Schema: auth; Owner: supabase_auth_admin
--

ALTER TABLE auth.audit_log_entries ENABLE ROW LEVEL SECURITY;

--
-- Name: flow_state; Type: ROW SECURITY; Schema: auth; Owner: supabase_auth_admin
--

ALTER TABLE auth.flow_state ENABLE ROW LEVEL SECURITY;

--
-- Name: identities; Type: ROW SECURITY; Schema: auth; Owner: supabase_auth_admin
--

ALTER TABLE auth.identities ENABLE ROW LEVEL SECURITY;

--
-- Name: instances; Type: ROW SECURITY; Schema: auth; Owner: supabase_auth_admin
--

ALTER TABLE auth.instances ENABLE ROW LEVEL SECURITY;

--
-- Name: mfa_amr_claims; Type: ROW SECURITY; Schema: auth; Owner: supabase_auth_admin
--

ALTER TABLE auth.mfa_amr_claims ENABLE ROW LEVEL SECURITY;

--
-- Name: mfa_challenges; Type: ROW SECURITY; Schema: auth; Owner: supabase_auth_admin
--

ALTER TABLE auth.mfa_challenges ENABLE ROW LEVEL SECURITY;

--
-- Name: mfa_factors; Type: ROW SECURITY; Schema: auth; Owner: supabase_auth_admin
--

ALTER TABLE auth.mfa_factors ENABLE ROW LEVEL SECURITY;

--
-- Name: one_time_tokens; Type: ROW SECURITY; Schema: auth; Owner: supabase_auth_admin
--

ALTER TABLE auth.one_time_tokens ENABLE ROW LEVEL SECURITY;

--
-- Name: refresh_tokens; Type: ROW SECURITY; Schema: auth; Owner: supabase_auth_admin
--

ALTER TABLE auth.refresh_tokens ENABLE ROW LEVEL SECURITY;

--
-- Name: saml_providers; Type: ROW SECURITY; Schema: auth; Owner: supabase_auth_admin
--

ALTER TABLE auth.saml_providers ENABLE ROW LEVEL SECURITY;

--
-- Name: saml_relay_states; Type: ROW SECURITY; Schema: auth; Owner: supabase_auth_admin
--

ALTER TABLE auth.saml_relay_states ENABLE ROW LEVEL SECURITY;

--
-- Name: schema_migrations; Type: ROW SECURITY; Schema: auth; Owner: supabase_auth_admin
--

ALTER TABLE auth.schema_migrations ENABLE ROW LEVEL SECURITY;

--
-- Name: sessions; Type: ROW SECURITY; Schema: auth; Owner: supabase_auth_admin
--

ALTER TABLE auth.sessions ENABLE ROW LEVEL SECURITY;

--
-- Name: sso_domains; Type: ROW SECURITY; Schema: auth; Owner: supabase_auth_admin
--

ALTER TABLE auth.sso_domains ENABLE ROW LEVEL SECURITY;

--
-- Name: sso_providers; Type: ROW SECURITY; Schema: auth; Owner: supabase_auth_admin
--

ALTER TABLE auth.sso_providers ENABLE ROW LEVEL SECURITY;

--
-- Name: users; Type: ROW SECURITY; Schema: auth; Owner: supabase_auth_admin
--

ALTER TABLE auth.users ENABLE ROW LEVEL SECURITY;

--
-- Name: cabins Enable  update access for all users; Type: POLICY; Schema: public; Owner: postgres
--

CREATE POLICY "Enable  update access for all users" ON public.cabins FOR UPDATE TO authenticated USING (true);


--
-- Name: bookings Enable create access for all users; Type: POLICY; Schema: public; Owner: postgres
--

CREATE POLICY "Enable create access for all users" ON public.bookings FOR INSERT TO authenticated WITH CHECK (true);


--
-- Name: cabins Enable create access for all users; Type: POLICY; Schema: public; Owner: postgres
--

CREATE POLICY "Enable create access for all users" ON public.cabins FOR INSERT TO authenticated WITH CHECK (true);


--
-- Name: bookings Enable delete access for all users; Type: POLICY; Schema: public; Owner: postgres
--

CREATE POLICY "Enable delete access for all users" ON public.bookings FOR DELETE TO authenticated USING (true);


--
-- Name: guests Enable delete access for all users; Type: POLICY; Schema: public; Owner: postgres
--

CREATE POLICY "Enable delete access for all users" ON public.guests FOR DELETE TO authenticated USING (true);


--
-- Name: cabins Enable delete for all users; Type: POLICY; Schema: public; Owner: postgres
--

CREATE POLICY "Enable delete for all users" ON public.cabins FOR DELETE TO authenticated USING (true);


--
-- Name: guests Enable insert access for all users; Type: POLICY; Schema: public; Owner: postgres
--

CREATE POLICY "Enable insert access for all users" ON public.guests FOR INSERT TO authenticated WITH CHECK (true);


--
-- Name: bookings Enable read access for all users; Type: POLICY; Schema: public; Owner: postgres
--

CREATE POLICY "Enable read access for all users" ON public.bookings FOR SELECT TO authenticated USING (true);


--
-- Name: cabins Enable read access for all users; Type: POLICY; Schema: public; Owner: postgres
--

CREATE POLICY "Enable read access for all users" ON public.cabins FOR SELECT TO authenticated USING (true);


--
-- Name: guests Enable read access for all users; Type: POLICY; Schema: public; Owner: postgres
--

CREATE POLICY "Enable read access for all users" ON public.guests FOR SELECT TO authenticated USING (true);


--
-- Name: settings Enable read access for all users; Type: POLICY; Schema: public; Owner: postgres
--

CREATE POLICY "Enable read access for all users" ON public.settings FOR SELECT TO authenticated USING (true);


--
-- Name: bookings Enable update access for all users; Type: POLICY; Schema: public; Owner: postgres
--

CREATE POLICY "Enable update access for all users" ON public.bookings FOR UPDATE TO authenticated USING (true);


--
-- Name: guests Enable update access for all users; Type: POLICY; Schema: public; Owner: postgres
--

CREATE POLICY "Enable update access for all users" ON public.guests FOR UPDATE TO authenticated USING (true);


--
-- Name: settings Enable update access for all users; Type: POLICY; Schema: public; Owner: postgres
--

CREATE POLICY "Enable update access for all users" ON public.settings FOR UPDATE TO authenticated USING (true);


--
-- Name: bookings; Type: ROW SECURITY; Schema: public; Owner: postgres
--

ALTER TABLE public.bookings ENABLE ROW LEVEL SECURITY;

--
-- Name: cabins; Type: ROW SECURITY; Schema: public; Owner: postgres
--

ALTER TABLE public.cabins ENABLE ROW LEVEL SECURITY;

--
-- Name: guests; Type: ROW SECURITY; Schema: public; Owner: postgres
--

ALTER TABLE public.guests ENABLE ROW LEVEL SECURITY;

--
-- Name: settings; Type: ROW SECURITY; Schema: public; Owner: postgres
--

ALTER TABLE public.settings ENABLE ROW LEVEL SECURITY;

--
-- Name: messages; Type: ROW SECURITY; Schema: realtime; Owner: supabase_realtime_admin
--

ALTER TABLE realtime.messages ENABLE ROW LEVEL SECURITY;

--
-- Name: objects Allow access for auth users 1oj01fe_0; Type: POLICY; Schema: storage; Owner: supabase_storage_admin
--

CREATE POLICY "Allow access for auth users 1oj01fe_0" ON storage.objects FOR SELECT TO authenticated USING ((bucket_id = 'avatars'::text));


--
-- Name: objects Allow access for auth users 1oj01fe_1; Type: POLICY; Schema: storage; Owner: supabase_storage_admin
--

CREATE POLICY "Allow access for auth users 1oj01fe_1" ON storage.objects FOR INSERT TO authenticated WITH CHECK ((bucket_id = 'avatars'::text));


--
-- Name: objects Allow access for auth users 1oj01fe_2; Type: POLICY; Schema: storage; Owner: supabase_storage_admin
--

CREATE POLICY "Allow access for auth users 1oj01fe_2" ON storage.objects FOR UPDATE TO authenticated USING ((bucket_id = 'avatars'::text));


--
-- Name: objects Allow access for auth users 1oj01fe_3; Type: POLICY; Schema: storage; Owner: supabase_storage_admin
--

CREATE POLICY "Allow access for auth users 1oj01fe_3" ON storage.objects FOR DELETE TO authenticated USING ((bucket_id = 'avatars'::text));


--
-- Name: objects Allow all operations qy2d3w_0; Type: POLICY; Schema: storage; Owner: supabase_storage_admin
--

CREATE POLICY "Allow all operations qy2d3w_0" ON storage.objects FOR SELECT USING ((bucket_id = 'cabin-images'::text));


--
-- Name: objects Allow all operations qy2d3w_1; Type: POLICY; Schema: storage; Owner: supabase_storage_admin
--

CREATE POLICY "Allow all operations qy2d3w_1" ON storage.objects FOR INSERT WITH CHECK ((bucket_id = 'cabin-images'::text));


--
-- Name: objects Allow all operations qy2d3w_2; Type: POLICY; Schema: storage; Owner: supabase_storage_admin
--

CREATE POLICY "Allow all operations qy2d3w_2" ON storage.objects FOR UPDATE USING ((bucket_id = 'cabin-images'::text));


--
-- Name: objects Allow all operations qy2d3w_3; Type: POLICY; Schema: storage; Owner: supabase_storage_admin
--

CREATE POLICY "Allow all operations qy2d3w_3" ON storage.objects FOR DELETE USING ((bucket_id = 'cabin-images'::text));


--
-- Name: buckets; Type: ROW SECURITY; Schema: storage; Owner: supabase_storage_admin
--

ALTER TABLE storage.buckets ENABLE ROW LEVEL SECURITY;

--
-- Name: migrations; Type: ROW SECURITY; Schema: storage; Owner: supabase_storage_admin
--

ALTER TABLE storage.migrations ENABLE ROW LEVEL SECURITY;

--
-- Name: objects; Type: ROW SECURITY; Schema: storage; Owner: supabase_storage_admin
--

ALTER TABLE storage.objects ENABLE ROW LEVEL SECURITY;

--
-- Name: s3_multipart_uploads; Type: ROW SECURITY; Schema: storage; Owner: supabase_storage_admin
--

ALTER TABLE storage.s3_multipart_uploads ENABLE ROW LEVEL SECURITY;

--
-- Name: s3_multipart_uploads_parts; Type: ROW SECURITY; Schema: storage; Owner: supabase_storage_admin
--

ALTER TABLE storage.s3_multipart_uploads_parts ENABLE ROW LEVEL SECURITY;

--
-- Name: supabase_realtime; Type: PUBLICATION; Schema: -; Owner: postgres
--

CREATE PUBLICATION supabase_realtime WITH (publish = 'insert, update, delete, truncate');


ALTER PUBLICATION supabase_realtime OWNER TO postgres;

--
-- Name: SCHEMA auth; Type: ACL; Schema: -; Owner: supabase_admin
--

GRANT USAGE ON SCHEMA auth TO anon;
GRANT USAGE ON SCHEMA auth TO authenticated;
GRANT USAGE ON SCHEMA auth TO service_role;
GRANT ALL ON SCHEMA auth TO supabase_auth_admin;
GRANT ALL ON SCHEMA auth TO dashboard_user;
GRANT ALL ON SCHEMA auth TO postgres;


--
-- Name: SCHEMA extensions; Type: ACL; Schema: -; Owner: postgres
--

GRANT USAGE ON SCHEMA extensions TO anon;
GRANT USAGE ON SCHEMA extensions TO authenticated;
GRANT USAGE ON SCHEMA extensions TO service_role;
GRANT ALL ON SCHEMA extensions TO dashboard_user;


--
-- Name: SCHEMA public; Type: ACL; Schema: -; Owner: pg_database_owner
--

GRANT USAGE ON SCHEMA public TO postgres;
GRANT USAGE ON SCHEMA public TO anon;
GRANT USAGE ON SCHEMA public TO authenticated;
GRANT USAGE ON SCHEMA public TO service_role;


--
-- Name: SCHEMA realtime; Type: ACL; Schema: -; Owner: supabase_admin
--

GRANT USAGE ON SCHEMA realtime TO postgres;
GRANT USAGE ON SCHEMA realtime TO anon;
GRANT USAGE ON SCHEMA realtime TO authenticated;
GRANT USAGE ON SCHEMA realtime TO service_role;
GRANT ALL ON SCHEMA realtime TO supabase_realtime_admin;


--
-- Name: SCHEMA storage; Type: ACL; Schema: -; Owner: supabase_admin
--

GRANT ALL ON SCHEMA storage TO postgres;
GRANT USAGE ON SCHEMA storage TO anon;
GRANT USAGE ON SCHEMA storage TO authenticated;
GRANT USAGE ON SCHEMA storage TO service_role;
GRANT ALL ON SCHEMA storage TO supabase_storage_admin;
GRANT ALL ON SCHEMA storage TO dashboard_user;


--
-- Name: FUNCTION email(); Type: ACL; Schema: auth; Owner: supabase_auth_admin
--

GRANT ALL ON FUNCTION auth.email() TO dashboard_user;
GRANT ALL ON FUNCTION auth.email() TO postgres;


--
-- Name: FUNCTION jwt(); Type: ACL; Schema: auth; Owner: supabase_auth_admin
--

GRANT ALL ON FUNCTION auth.jwt() TO postgres;
GRANT ALL ON FUNCTION auth.jwt() TO dashboard_user;


--
-- Name: FUNCTION role(); Type: ACL; Schema: auth; Owner: supabase_auth_admin
--

GRANT ALL ON FUNCTION auth.role() TO dashboard_user;
GRANT ALL ON FUNCTION auth.role() TO postgres;


--
-- Name: FUNCTION uid(); Type: ACL; Schema: auth; Owner: supabase_auth_admin
--

GRANT ALL ON FUNCTION auth.uid() TO dashboard_user;
GRANT ALL ON FUNCTION auth.uid() TO postgres;


--
-- Name: FUNCTION algorithm_sign(signables text, secret text, algorithm text); Type: ACL; Schema: extensions; Owner: supabase_admin
--

GRANT ALL ON FUNCTION extensions.algorithm_sign(signables text, secret text, algorithm text) TO postgres WITH GRANT OPTION;
GRANT ALL ON FUNCTION extensions.algorithm_sign(signables text, secret text, algorithm text) TO dashboard_user;


--
-- Name: FUNCTION armor(bytea); Type: ACL; Schema: extensions; Owner: supabase_admin
--

GRANT ALL ON FUNCTION extensions.armor(bytea) TO postgres WITH GRANT OPTION;
GRANT ALL ON FUNCTION extensions.armor(bytea) TO dashboard_user;


--
-- Name: FUNCTION armor(bytea, text[], text[]); Type: ACL; Schema: extensions; Owner: supabase_admin
--

GRANT ALL ON FUNCTION extensions.armor(bytea, text[], text[]) TO postgres WITH GRANT OPTION;
GRANT ALL ON FUNCTION extensions.armor(bytea, text[], text[]) TO dashboard_user;


--
-- Name: FUNCTION crypt(text, text); Type: ACL; Schema: extensions; Owner: supabase_admin
--

GRANT ALL ON FUNCTION extensions.crypt(text, text) TO postgres WITH GRANT OPTION;
GRANT ALL ON FUNCTION extensions.crypt(text, text) TO dashboard_user;


--
-- Name: FUNCTION dearmor(text); Type: ACL; Schema: extensions; Owner: supabase_admin
--

GRANT ALL ON FUNCTION extensions.dearmor(text) TO postgres WITH GRANT OPTION;
GRANT ALL ON FUNCTION extensions.dearmor(text) TO dashboard_user;


--
-- Name: FUNCTION decrypt(bytea, bytea, text); Type: ACL; Schema: extensions; Owner: supabase_admin
--

GRANT ALL ON FUNCTION extensions.decrypt(bytea, bytea, text) TO postgres WITH GRANT OPTION;
GRANT ALL ON FUNCTION extensions.decrypt(bytea, bytea, text) TO dashboard_user;


--
-- Name: FUNCTION decrypt_iv(bytea, bytea, bytea, text); Type: ACL; Schema: extensions; Owner: supabase_admin
--

GRANT ALL ON FUNCTION extensions.decrypt_iv(bytea, bytea, bytea, text) TO postgres WITH GRANT OPTION;
GRANT ALL ON FUNCTION extensions.decrypt_iv(bytea, bytea, bytea, text) TO dashboard_user;


--
-- Name: FUNCTION digest(bytea, text); Type: ACL; Schema: extensions; Owner: supabase_admin
--

GRANT ALL ON FUNCTION extensions.digest(bytea, text) TO postgres WITH GRANT OPTION;
GRANT ALL ON FUNCTION extensions.digest(bytea, text) TO dashboard_user;


--
-- Name: FUNCTION digest(text, text); Type: ACL; Schema: extensions; Owner: supabase_admin
--

GRANT ALL ON FUNCTION extensions.digest(text, text) TO postgres WITH GRANT OPTION;
GRANT ALL ON FUNCTION extensions.digest(text, text) TO dashboard_user;


--
-- Name: FUNCTION encrypt(bytea, bytea, text); Type: ACL; Schema: extensions; Owner: supabase_admin
--

GRANT ALL ON FUNCTION extensions.encrypt(bytea, bytea, text) TO postgres WITH GRANT OPTION;
GRANT ALL ON FUNCTION extensions.encrypt(bytea, bytea, text) TO dashboard_user;


--
-- Name: FUNCTION encrypt_iv(bytea, bytea, bytea, text); Type: ACL; Schema: extensions; Owner: supabase_admin
--

GRANT ALL ON FUNCTION extensions.encrypt_iv(bytea, bytea, bytea, text) TO postgres WITH GRANT OPTION;
GRANT ALL ON FUNCTION extensions.encrypt_iv(bytea, bytea, bytea, text) TO dashboard_user;


--
-- Name: FUNCTION gen_random_bytes(integer); Type: ACL; Schema: extensions; Owner: supabase_admin
--

GRANT ALL ON FUNCTION extensions.gen_random_bytes(integer) TO postgres WITH GRANT OPTION;
GRANT ALL ON FUNCTION extensions.gen_random_bytes(integer) TO dashboard_user;


--
-- Name: FUNCTION gen_random_uuid(); Type: ACL; Schema: extensions; Owner: supabase_admin
--

GRANT ALL ON FUNCTION extensions.gen_random_uuid() TO postgres WITH GRANT OPTION;
GRANT ALL ON FUNCTION extensions.gen_random_uuid() TO dashboard_user;


--
-- Name: FUNCTION gen_salt(text); Type: ACL; Schema: extensions; Owner: supabase_admin
--

GRANT ALL ON FUNCTION extensions.gen_salt(text) TO postgres WITH GRANT OPTION;
GRANT ALL ON FUNCTION extensions.gen_salt(text) TO dashboard_user;


--
-- Name: FUNCTION gen_salt(text, integer); Type: ACL; Schema: extensions; Owner: supabase_admin
--

GRANT ALL ON FUNCTION extensions.gen_salt(text, integer) TO postgres WITH GRANT OPTION;
GRANT ALL ON FUNCTION extensions.gen_salt(text, integer) TO dashboard_user;


--
-- Name: FUNCTION grant_pg_cron_access(); Type: ACL; Schema: extensions; Owner: postgres
--

REVOKE ALL ON FUNCTION extensions.grant_pg_cron_access() FROM postgres;
GRANT ALL ON FUNCTION extensions.grant_pg_cron_access() TO postgres WITH GRANT OPTION;
GRANT ALL ON FUNCTION extensions.grant_pg_cron_access() TO dashboard_user;


--
-- Name: FUNCTION grant_pg_graphql_access(); Type: ACL; Schema: extensions; Owner: supabase_admin
--

GRANT ALL ON FUNCTION extensions.grant_pg_graphql_access() TO postgres WITH GRANT OPTION;


--
-- Name: FUNCTION grant_pg_net_access(); Type: ACL; Schema: extensions; Owner: postgres
--

REVOKE ALL ON FUNCTION extensions.grant_pg_net_access() FROM postgres;
GRANT ALL ON FUNCTION extensions.grant_pg_net_access() TO postgres WITH GRANT OPTION;
GRANT ALL ON FUNCTION extensions.grant_pg_net_access() TO dashboard_user;


--
-- Name: FUNCTION hmac(bytea, bytea, text); Type: ACL; Schema: extensions; Owner: supabase_admin
--

GRANT ALL ON FUNCTION extensions.hmac(bytea, bytea, text) TO postgres WITH GRANT OPTION;
GRANT ALL ON FUNCTION extensions.hmac(bytea, bytea, text) TO dashboard_user;


--
-- Name: FUNCTION hmac(text, text, text); Type: ACL; Schema: extensions; Owner: supabase_admin
--

GRANT ALL ON FUNCTION extensions.hmac(text, text, text) TO postgres WITH GRANT OPTION;
GRANT ALL ON FUNCTION extensions.hmac(text, text, text) TO dashboard_user;


--
-- Name: FUNCTION pg_stat_statements(showtext boolean, OUT userid oid, OUT dbid oid, OUT toplevel boolean, OUT queryid bigint, OUT query text, OUT plans bigint, OUT total_plan_time double precision, OUT min_plan_time double precision, OUT max_plan_time double precision, OUT mean_plan_time double precision, OUT stddev_plan_time double precision, OUT calls bigint, OUT total_exec_time double precision, OUT min_exec_time double precision, OUT max_exec_time double precision, OUT mean_exec_time double precision, OUT stddev_exec_time double precision, OUT rows bigint, OUT shared_blks_hit bigint, OUT shared_blks_read bigint, OUT shared_blks_dirtied bigint, OUT shared_blks_written bigint, OUT local_blks_hit bigint, OUT local_blks_read bigint, OUT local_blks_dirtied bigint, OUT local_blks_written bigint, OUT temp_blks_read bigint, OUT temp_blks_written bigint, OUT blk_read_time double precision, OUT blk_write_time double precision, OUT temp_blk_read_time double precision, OUT temp_blk_write_time double precision, OUT wal_records bigint, OUT wal_fpi bigint, OUT wal_bytes numeric, OUT jit_functions bigint, OUT jit_generation_time double precision, OUT jit_inlining_count bigint, OUT jit_inlining_time double precision, OUT jit_optimization_count bigint, OUT jit_optimization_time double precision, OUT jit_emission_count bigint, OUT jit_emission_time double precision); Type: ACL; Schema: extensions; Owner: supabase_admin
--

GRANT ALL ON FUNCTION extensions.pg_stat_statements(showtext boolean, OUT userid oid, OUT dbid oid, OUT toplevel boolean, OUT queryid bigint, OUT query text, OUT plans bigint, OUT total_plan_time double precision, OUT min_plan_time double precision, OUT max_plan_time double precision, OUT mean_plan_time double precision, OUT stddev_plan_time double precision, OUT calls bigint, OUT total_exec_time double precision, OUT min_exec_time double precision, OUT max_exec_time double precision, OUT mean_exec_time double precision, OUT stddev_exec_time double precision, OUT rows bigint, OUT shared_blks_hit bigint, OUT shared_blks_read bigint, OUT shared_blks_dirtied bigint, OUT shared_blks_written bigint, OUT local_blks_hit bigint, OUT local_blks_read bigint, OUT local_blks_dirtied bigint, OUT local_blks_written bigint, OUT temp_blks_read bigint, OUT temp_blks_written bigint, OUT blk_read_time double precision, OUT blk_write_time double precision, OUT temp_blk_read_time double precision, OUT temp_blk_write_time double precision, OUT wal_records bigint, OUT wal_fpi bigint, OUT wal_bytes numeric, OUT jit_functions bigint, OUT jit_generation_time double precision, OUT jit_inlining_count bigint, OUT jit_inlining_time double precision, OUT jit_optimization_count bigint, OUT jit_optimization_time double precision, OUT jit_emission_count bigint, OUT jit_emission_time double precision) TO postgres WITH GRANT OPTION;
GRANT ALL ON FUNCTION extensions.pg_stat_statements(showtext boolean, OUT userid oid, OUT dbid oid, OUT toplevel boolean, OUT queryid bigint, OUT query text, OUT plans bigint, OUT total_plan_time double precision, OUT min_plan_time double precision, OUT max_plan_time double precision, OUT mean_plan_time double precision, OUT stddev_plan_time double precision, OUT calls bigint, OUT total_exec_time double precision, OUT min_exec_time double precision, OUT max_exec_time double precision, OUT mean_exec_time double precision, OUT stddev_exec_time double precision, OUT rows bigint, OUT shared_blks_hit bigint, OUT shared_blks_read bigint, OUT shared_blks_dirtied bigint, OUT shared_blks_written bigint, OUT local_blks_hit bigint, OUT local_blks_read bigint, OUT local_blks_dirtied bigint, OUT local_blks_written bigint, OUT temp_blks_read bigint, OUT temp_blks_written bigint, OUT blk_read_time double precision, OUT blk_write_time double precision, OUT temp_blk_read_time double precision, OUT temp_blk_write_time double precision, OUT wal_records bigint, OUT wal_fpi bigint, OUT wal_bytes numeric, OUT jit_functions bigint, OUT jit_generation_time double precision, OUT jit_inlining_count bigint, OUT jit_inlining_time double precision, OUT jit_optimization_count bigint, OUT jit_optimization_time double precision, OUT jit_emission_count bigint, OUT jit_emission_time double precision) TO dashboard_user;


--
-- Name: FUNCTION pg_stat_statements_info(OUT dealloc bigint, OUT stats_reset timestamp with time zone); Type: ACL; Schema: extensions; Owner: supabase_admin
--

GRANT ALL ON FUNCTION extensions.pg_stat_statements_info(OUT dealloc bigint, OUT stats_reset timestamp with time zone) TO postgres WITH GRANT OPTION;
GRANT ALL ON FUNCTION extensions.pg_stat_statements_info(OUT dealloc bigint, OUT stats_reset timestamp with time zone) TO dashboard_user;


--
-- Name: FUNCTION pg_stat_statements_reset(userid oid, dbid oid, queryid bigint); Type: ACL; Schema: extensions; Owner: supabase_admin
--

GRANT ALL ON FUNCTION extensions.pg_stat_statements_reset(userid oid, dbid oid, queryid bigint) TO postgres WITH GRANT OPTION;
GRANT ALL ON FUNCTION extensions.pg_stat_statements_reset(userid oid, dbid oid, queryid bigint) TO dashboard_user;


--
-- Name: FUNCTION pgp_armor_headers(text, OUT key text, OUT value text); Type: ACL; Schema: extensions; Owner: supabase_admin
--

GRANT ALL ON FUNCTION extensions.pgp_armor_headers(text, OUT key text, OUT value text) TO postgres WITH GRANT OPTION;
GRANT ALL ON FUNCTION extensions.pgp_armor_headers(text, OUT key text, OUT value text) TO dashboard_user;


--
-- Name: FUNCTION pgp_key_id(bytea); Type: ACL; Schema: extensions; Owner: supabase_admin
--

GRANT ALL ON FUNCTION extensions.pgp_key_id(bytea) TO postgres WITH GRANT OPTION;
GRANT ALL ON FUNCTION extensions.pgp_key_id(bytea) TO dashboard_user;


--
-- Name: FUNCTION pgp_pub_decrypt(bytea, bytea); Type: ACL; Schema: extensions; Owner: supabase_admin
--

GRANT ALL ON FUNCTION extensions.pgp_pub_decrypt(bytea, bytea) TO postgres WITH GRANT OPTION;
GRANT ALL ON FUNCTION extensions.pgp_pub_decrypt(bytea, bytea) TO dashboard_user;


--
-- Name: FUNCTION pgp_pub_decrypt(bytea, bytea, text); Type: ACL; Schema: extensions; Owner: supabase_admin
--

GRANT ALL ON FUNCTION extensions.pgp_pub_decrypt(bytea, bytea, text) TO postgres WITH GRANT OPTION;
GRANT ALL ON FUNCTION extensions.pgp_pub_decrypt(bytea, bytea, text) TO dashboard_user;


--
-- Name: FUNCTION pgp_pub_decrypt(bytea, bytea, text, text); Type: ACL; Schema: extensions; Owner: supabase_admin
--

GRANT ALL ON FUNCTION extensions.pgp_pub_decrypt(bytea, bytea, text, text) TO postgres WITH GRANT OPTION;
GRANT ALL ON FUNCTION extensions.pgp_pub_decrypt(bytea, bytea, text, text) TO dashboard_user;


--
-- Name: FUNCTION pgp_pub_decrypt_bytea(bytea, bytea); Type: ACL; Schema: extensions; Owner: supabase_admin
--

GRANT ALL ON FUNCTION extensions.pgp_pub_decrypt_bytea(bytea, bytea) TO postgres WITH GRANT OPTION;
GRANT ALL ON FUNCTION extensions.pgp_pub_decrypt_bytea(bytea, bytea) TO dashboard_user;


--
-- Name: FUNCTION pgp_pub_decrypt_bytea(bytea, bytea, text); Type: ACL; Schema: extensions; Owner: supabase_admin
--

GRANT ALL ON FUNCTION extensions.pgp_pub_decrypt_bytea(bytea, bytea, text) TO postgres WITH GRANT OPTION;
GRANT ALL ON FUNCTION extensions.pgp_pub_decrypt_bytea(bytea, bytea, text) TO dashboard_user;


--
-- Name: FUNCTION pgp_pub_decrypt_bytea(bytea, bytea, text, text); Type: ACL; Schema: extensions; Owner: supabase_admin
--

GRANT ALL ON FUNCTION extensions.pgp_pub_decrypt_bytea(bytea, bytea, text, text) TO postgres WITH GRANT OPTION;
GRANT ALL ON FUNCTION extensions.pgp_pub_decrypt_bytea(bytea, bytea, text, text) TO dashboard_user;


--
-- Name: FUNCTION pgp_pub_encrypt(text, bytea); Type: ACL; Schema: extensions; Owner: supabase_admin
--

GRANT ALL ON FUNCTION extensions.pgp_pub_encrypt(text, bytea) TO postgres WITH GRANT OPTION;
GRANT ALL ON FUNCTION extensions.pgp_pub_encrypt(text, bytea) TO dashboard_user;


--
-- Name: FUNCTION pgp_pub_encrypt(text, bytea, text); Type: ACL; Schema: extensions; Owner: supabase_admin
--

GRANT ALL ON FUNCTION extensions.pgp_pub_encrypt(text, bytea, text) TO postgres WITH GRANT OPTION;
GRANT ALL ON FUNCTION extensions.pgp_pub_encrypt(text, bytea, text) TO dashboard_user;


--
-- Name: FUNCTION pgp_pub_encrypt_bytea(bytea, bytea); Type: ACL; Schema: extensions; Owner: supabase_admin
--

GRANT ALL ON FUNCTION extensions.pgp_pub_encrypt_bytea(bytea, bytea) TO postgres WITH GRANT OPTION;
GRANT ALL ON FUNCTION extensions.pgp_pub_encrypt_bytea(bytea, bytea) TO dashboard_user;


--
-- Name: FUNCTION pgp_pub_encrypt_bytea(bytea, bytea, text); Type: ACL; Schema: extensions; Owner: supabase_admin
--

GRANT ALL ON FUNCTION extensions.pgp_pub_encrypt_bytea(bytea, bytea, text) TO postgres WITH GRANT OPTION;
GRANT ALL ON FUNCTION extensions.pgp_pub_encrypt_bytea(bytea, bytea, text) TO dashboard_user;


--
-- Name: FUNCTION pgp_sym_decrypt(bytea, text); Type: ACL; Schema: extensions; Owner: supabase_admin
--

GRANT ALL ON FUNCTION extensions.pgp_sym_decrypt(bytea, text) TO postgres WITH GRANT OPTION;
GRANT ALL ON FUNCTION extensions.pgp_sym_decrypt(bytea, text) TO dashboard_user;


--
-- Name: FUNCTION pgp_sym_decrypt(bytea, text, text); Type: ACL; Schema: extensions; Owner: supabase_admin
--

GRANT ALL ON FUNCTION extensions.pgp_sym_decrypt(bytea, text, text) TO postgres WITH GRANT OPTION;
GRANT ALL ON FUNCTION extensions.pgp_sym_decrypt(bytea, text, text) TO dashboard_user;


--
-- Name: FUNCTION pgp_sym_decrypt_bytea(bytea, text); Type: ACL; Schema: extensions; Owner: supabase_admin
--

GRANT ALL ON FUNCTION extensions.pgp_sym_decrypt_bytea(bytea, text) TO postgres WITH GRANT OPTION;
GRANT ALL ON FUNCTION extensions.pgp_sym_decrypt_bytea(bytea, text) TO dashboard_user;


--
-- Name: FUNCTION pgp_sym_decrypt_bytea(bytea, text, text); Type: ACL; Schema: extensions; Owner: supabase_admin
--

GRANT ALL ON FUNCTION extensions.pgp_sym_decrypt_bytea(bytea, text, text) TO postgres WITH GRANT OPTION;
GRANT ALL ON FUNCTION extensions.pgp_sym_decrypt_bytea(bytea, text, text) TO dashboard_user;


--
-- Name: FUNCTION pgp_sym_encrypt(text, text); Type: ACL; Schema: extensions; Owner: supabase_admin
--

GRANT ALL ON FUNCTION extensions.pgp_sym_encrypt(text, text) TO postgres WITH GRANT OPTION;
GRANT ALL ON FUNCTION extensions.pgp_sym_encrypt(text, text) TO dashboard_user;


--
-- Name: FUNCTION pgp_sym_encrypt(text, text, text); Type: ACL; Schema: extensions; Owner: supabase_admin
--

GRANT ALL ON FUNCTION extensions.pgp_sym_encrypt(text, text, text) TO postgres WITH GRANT OPTION;
GRANT ALL ON FUNCTION extensions.pgp_sym_encrypt(text, text, text) TO dashboard_user;


--
-- Name: FUNCTION pgp_sym_encrypt_bytea(bytea, text); Type: ACL; Schema: extensions; Owner: supabase_admin
--

GRANT ALL ON FUNCTION extensions.pgp_sym_encrypt_bytea(bytea, text) TO postgres WITH GRANT OPTION;
GRANT ALL ON FUNCTION extensions.pgp_sym_encrypt_bytea(bytea, text) TO dashboard_user;


--
-- Name: FUNCTION pgp_sym_encrypt_bytea(bytea, text, text); Type: ACL; Schema: extensions; Owner: supabase_admin
--

GRANT ALL ON FUNCTION extensions.pgp_sym_encrypt_bytea(bytea, text, text) TO postgres WITH GRANT OPTION;
GRANT ALL ON FUNCTION extensions.pgp_sym_encrypt_bytea(bytea, text, text) TO dashboard_user;


--
-- Name: FUNCTION pgrst_ddl_watch(); Type: ACL; Schema: extensions; Owner: supabase_admin
--

GRANT ALL ON FUNCTION extensions.pgrst_ddl_watch() TO postgres WITH GRANT OPTION;


--
-- Name: FUNCTION pgrst_drop_watch(); Type: ACL; Schema: extensions; Owner: supabase_admin
--

GRANT ALL ON FUNCTION extensions.pgrst_drop_watch() TO postgres WITH GRANT OPTION;


--
-- Name: FUNCTION set_graphql_placeholder(); Type: ACL; Schema: extensions; Owner: supabase_admin
--

GRANT ALL ON FUNCTION extensions.set_graphql_placeholder() TO postgres WITH GRANT OPTION;


--
-- Name: FUNCTION sign(payload json, secret text, algorithm text); Type: ACL; Schema: extensions; Owner: supabase_admin
--

GRANT ALL ON FUNCTION extensions.sign(payload json, secret text, algorithm text) TO postgres WITH GRANT OPTION;
GRANT ALL ON FUNCTION extensions.sign(payload json, secret text, algorithm text) TO dashboard_user;


--
-- Name: FUNCTION try_cast_double(inp text); Type: ACL; Schema: extensions; Owner: supabase_admin
--

GRANT ALL ON FUNCTION extensions.try_cast_double(inp text) TO postgres WITH GRANT OPTION;
GRANT ALL ON FUNCTION extensions.try_cast_double(inp text) TO dashboard_user;


--
-- Name: FUNCTION url_decode(data text); Type: ACL; Schema: extensions; Owner: supabase_admin
--

GRANT ALL ON FUNCTION extensions.url_decode(data text) TO postgres WITH GRANT OPTION;
GRANT ALL ON FUNCTION extensions.url_decode(data text) TO dashboard_user;


--
-- Name: FUNCTION url_encode(data bytea); Type: ACL; Schema: extensions; Owner: supabase_admin
--

GRANT ALL ON FUNCTION extensions.url_encode(data bytea) TO postgres WITH GRANT OPTION;
GRANT ALL ON FUNCTION extensions.url_encode(data bytea) TO dashboard_user;


--
-- Name: FUNCTION uuid_generate_v1(); Type: ACL; Schema: extensions; Owner: supabase_admin
--

GRANT ALL ON FUNCTION extensions.uuid_generate_v1() TO postgres WITH GRANT OPTION;
GRANT ALL ON FUNCTION extensions.uuid_generate_v1() TO dashboard_user;


--
-- Name: FUNCTION uuid_generate_v1mc(); Type: ACL; Schema: extensions; Owner: supabase_admin
--

GRANT ALL ON FUNCTION extensions.uuid_generate_v1mc() TO postgres WITH GRANT OPTION;
GRANT ALL ON FUNCTION extensions.uuid_generate_v1mc() TO dashboard_user;


--
-- Name: FUNCTION uuid_generate_v3(namespace uuid, name text); Type: ACL; Schema: extensions; Owner: supabase_admin
--

GRANT ALL ON FUNCTION extensions.uuid_generate_v3(namespace uuid, name text) TO postgres WITH GRANT OPTION;
GRANT ALL ON FUNCTION extensions.uuid_generate_v3(namespace uuid, name text) TO dashboard_user;


--
-- Name: FUNCTION uuid_generate_v4(); Type: ACL; Schema: extensions; Owner: supabase_admin
--

GRANT ALL ON FUNCTION extensions.uuid_generate_v4() TO postgres WITH GRANT OPTION;
GRANT ALL ON FUNCTION extensions.uuid_generate_v4() TO dashboard_user;


--
-- Name: FUNCTION uuid_generate_v5(namespace uuid, name text); Type: ACL; Schema: extensions; Owner: supabase_admin
--

GRANT ALL ON FUNCTION extensions.uuid_generate_v5(namespace uuid, name text) TO postgres WITH GRANT OPTION;
GRANT ALL ON FUNCTION extensions.uuid_generate_v5(namespace uuid, name text) TO dashboard_user;


--
-- Name: FUNCTION uuid_nil(); Type: ACL; Schema: extensions; Owner: supabase_admin
--

GRANT ALL ON FUNCTION extensions.uuid_nil() TO postgres WITH GRANT OPTION;
GRANT ALL ON FUNCTION extensions.uuid_nil() TO dashboard_user;


--
-- Name: FUNCTION uuid_ns_dns(); Type: ACL; Schema: extensions; Owner: supabase_admin
--

GRANT ALL ON FUNCTION extensions.uuid_ns_dns() TO postgres WITH GRANT OPTION;
GRANT ALL ON FUNCTION extensions.uuid_ns_dns() TO dashboard_user;


--
-- Name: FUNCTION uuid_ns_oid(); Type: ACL; Schema: extensions; Owner: supabase_admin
--

GRANT ALL ON FUNCTION extensions.uuid_ns_oid() TO postgres WITH GRANT OPTION;
GRANT ALL ON FUNCTION extensions.uuid_ns_oid() TO dashboard_user;


--
-- Name: FUNCTION uuid_ns_url(); Type: ACL; Schema: extensions; Owner: supabase_admin
--

GRANT ALL ON FUNCTION extensions.uuid_ns_url() TO postgres WITH GRANT OPTION;
GRANT ALL ON FUNCTION extensions.uuid_ns_url() TO dashboard_user;


--
-- Name: FUNCTION uuid_ns_x500(); Type: ACL; Schema: extensions; Owner: supabase_admin
--

GRANT ALL ON FUNCTION extensions.uuid_ns_x500() TO postgres WITH GRANT OPTION;
GRANT ALL ON FUNCTION extensions.uuid_ns_x500() TO dashboard_user;


--
-- Name: FUNCTION verify(token text, secret text, algorithm text); Type: ACL; Schema: extensions; Owner: supabase_admin
--

GRANT ALL ON FUNCTION extensions.verify(token text, secret text, algorithm text) TO postgres WITH GRANT OPTION;
GRANT ALL ON FUNCTION extensions.verify(token text, secret text, algorithm text) TO dashboard_user;


--
-- Name: FUNCTION comment_directive(comment_ text); Type: ACL; Schema: graphql; Owner: supabase_admin
--

GRANT ALL ON FUNCTION graphql.comment_directive(comment_ text) TO postgres;
GRANT ALL ON FUNCTION graphql.comment_directive(comment_ text) TO anon;
GRANT ALL ON FUNCTION graphql.comment_directive(comment_ text) TO authenticated;
GRANT ALL ON FUNCTION graphql.comment_directive(comment_ text) TO service_role;


--
-- Name: FUNCTION exception(message text); Type: ACL; Schema: graphql; Owner: supabase_admin
--

GRANT ALL ON FUNCTION graphql.exception(message text) TO postgres;
GRANT ALL ON FUNCTION graphql.exception(message text) TO anon;
GRANT ALL ON FUNCTION graphql.exception(message text) TO authenticated;
GRANT ALL ON FUNCTION graphql.exception(message text) TO service_role;


--
-- Name: FUNCTION get_schema_version(); Type: ACL; Schema: graphql; Owner: supabase_admin
--

GRANT ALL ON FUNCTION graphql.get_schema_version() TO postgres;
GRANT ALL ON FUNCTION graphql.get_schema_version() TO anon;
GRANT ALL ON FUNCTION graphql.get_schema_version() TO authenticated;
GRANT ALL ON FUNCTION graphql.get_schema_version() TO service_role;


--
-- Name: FUNCTION increment_schema_version(); Type: ACL; Schema: graphql; Owner: supabase_admin
--

GRANT ALL ON FUNCTION graphql.increment_schema_version() TO postgres;
GRANT ALL ON FUNCTION graphql.increment_schema_version() TO anon;
GRANT ALL ON FUNCTION graphql.increment_schema_version() TO authenticated;
GRANT ALL ON FUNCTION graphql.increment_schema_version() TO service_role;


--
-- Name: FUNCTION graphql("operationName" text, query text, variables jsonb, extensions jsonb); Type: ACL; Schema: graphql_public; Owner: supabase_admin
--

GRANT ALL ON FUNCTION graphql_public.graphql("operationName" text, query text, variables jsonb, extensions jsonb) TO postgres;
GRANT ALL ON FUNCTION graphql_public.graphql("operationName" text, query text, variables jsonb, extensions jsonb) TO anon;
GRANT ALL ON FUNCTION graphql_public.graphql("operationName" text, query text, variables jsonb, extensions jsonb) TO authenticated;
GRANT ALL ON FUNCTION graphql_public.graphql("operationName" text, query text, variables jsonb, extensions jsonb) TO service_role;


--
-- Name: FUNCTION lo_export(oid, text); Type: ACL; Schema: pg_catalog; Owner: supabase_admin
--

REVOKE ALL ON FUNCTION pg_catalog.lo_export(oid, text) FROM postgres;
GRANT ALL ON FUNCTION pg_catalog.lo_export(oid, text) TO supabase_admin;


--
-- Name: FUNCTION lo_import(text); Type: ACL; Schema: pg_catalog; Owner: supabase_admin
--

REVOKE ALL ON FUNCTION pg_catalog.lo_import(text) FROM postgres;
GRANT ALL ON FUNCTION pg_catalog.lo_import(text) TO supabase_admin;


--
-- Name: FUNCTION lo_import(text, oid); Type: ACL; Schema: pg_catalog; Owner: supabase_admin
--

REVOKE ALL ON FUNCTION pg_catalog.lo_import(text, oid) FROM postgres;
GRANT ALL ON FUNCTION pg_catalog.lo_import(text, oid) TO supabase_admin;


--
-- Name: FUNCTION get_auth(p_usename text); Type: ACL; Schema: pgbouncer; Owner: postgres
--

REVOKE ALL ON FUNCTION pgbouncer.get_auth(p_usename text) FROM PUBLIC;
GRANT ALL ON FUNCTION pgbouncer.get_auth(p_usename text) TO pgbouncer;


--
-- Name: FUNCTION crypto_aead_det_decrypt(message bytea, additional bytea, key_uuid uuid, nonce bytea); Type: ACL; Schema: pgsodium; Owner: pgsodium_keymaker
--

GRANT ALL ON FUNCTION pgsodium.crypto_aead_det_decrypt(message bytea, additional bytea, key_uuid uuid, nonce bytea) TO service_role;


--
-- Name: FUNCTION crypto_aead_det_encrypt(message bytea, additional bytea, key_uuid uuid, nonce bytea); Type: ACL; Schema: pgsodium; Owner: pgsodium_keymaker
--

GRANT ALL ON FUNCTION pgsodium.crypto_aead_det_encrypt(message bytea, additional bytea, key_uuid uuid, nonce bytea) TO service_role;


--
-- Name: FUNCTION crypto_aead_det_keygen(); Type: ACL; Schema: pgsodium; Owner: supabase_admin
--

GRANT ALL ON FUNCTION pgsodium.crypto_aead_det_keygen() TO service_role;


--
-- Name: FUNCTION apply_rls(wal jsonb, max_record_bytes integer); Type: ACL; Schema: realtime; Owner: supabase_admin
--

GRANT ALL ON FUNCTION realtime.apply_rls(wal jsonb, max_record_bytes integer) TO postgres;
GRANT ALL ON FUNCTION realtime.apply_rls(wal jsonb, max_record_bytes integer) TO dashboard_user;
GRANT ALL ON FUNCTION realtime.apply_rls(wal jsonb, max_record_bytes integer) TO anon;
GRANT ALL ON FUNCTION realtime.apply_rls(wal jsonb, max_record_bytes integer) TO authenticated;
GRANT ALL ON FUNCTION realtime.apply_rls(wal jsonb, max_record_bytes integer) TO service_role;
GRANT ALL ON FUNCTION realtime.apply_rls(wal jsonb, max_record_bytes integer) TO supabase_realtime_admin;


--
-- Name: FUNCTION build_prepared_statement_sql(prepared_statement_name text, entity regclass, columns realtime.wal_column[]); Type: ACL; Schema: realtime; Owner: supabase_admin
--

GRANT ALL ON FUNCTION realtime.build_prepared_statement_sql(prepared_statement_name text, entity regclass, columns realtime.wal_column[]) TO postgres;
GRANT ALL ON FUNCTION realtime.build_prepared_statement_sql(prepared_statement_name text, entity regclass, columns realtime.wal_column[]) TO dashboard_user;
GRANT ALL ON FUNCTION realtime.build_prepared_statement_sql(prepared_statement_name text, entity regclass, columns realtime.wal_column[]) TO anon;
GRANT ALL ON FUNCTION realtime.build_prepared_statement_sql(prepared_statement_name text, entity regclass, columns realtime.wal_column[]) TO authenticated;
GRANT ALL ON FUNCTION realtime.build_prepared_statement_sql(prepared_statement_name text, entity regclass, columns realtime.wal_column[]) TO service_role;
GRANT ALL ON FUNCTION realtime.build_prepared_statement_sql(prepared_statement_name text, entity regclass, columns realtime.wal_column[]) TO supabase_realtime_admin;


--
-- Name: FUNCTION "cast"(val text, type_ regtype); Type: ACL; Schema: realtime; Owner: supabase_admin
--

GRANT ALL ON FUNCTION realtime."cast"(val text, type_ regtype) TO postgres;
GRANT ALL ON FUNCTION realtime."cast"(val text, type_ regtype) TO dashboard_user;
GRANT ALL ON FUNCTION realtime."cast"(val text, type_ regtype) TO anon;
GRANT ALL ON FUNCTION realtime."cast"(val text, type_ regtype) TO authenticated;
GRANT ALL ON FUNCTION realtime."cast"(val text, type_ regtype) TO service_role;
GRANT ALL ON FUNCTION realtime."cast"(val text, type_ regtype) TO supabase_realtime_admin;


--
-- Name: FUNCTION check_equality_op(op realtime.equality_op, type_ regtype, val_1 text, val_2 text); Type: ACL; Schema: realtime; Owner: supabase_admin
--

GRANT ALL ON FUNCTION realtime.check_equality_op(op realtime.equality_op, type_ regtype, val_1 text, val_2 text) TO postgres;
GRANT ALL ON FUNCTION realtime.check_equality_op(op realtime.equality_op, type_ regtype, val_1 text, val_2 text) TO dashboard_user;
GRANT ALL ON FUNCTION realtime.check_equality_op(op realtime.equality_op, type_ regtype, val_1 text, val_2 text) TO anon;
GRANT ALL ON FUNCTION realtime.check_equality_op(op realtime.equality_op, type_ regtype, val_1 text, val_2 text) TO authenticated;
GRANT ALL ON FUNCTION realtime.check_equality_op(op realtime.equality_op, type_ regtype, val_1 text, val_2 text) TO service_role;
GRANT ALL ON FUNCTION realtime.check_equality_op(op realtime.equality_op, type_ regtype, val_1 text, val_2 text) TO supabase_realtime_admin;


--
-- Name: FUNCTION is_visible_through_filters(columns realtime.wal_column[], filters realtime.user_defined_filter[]); Type: ACL; Schema: realtime; Owner: supabase_admin
--

GRANT ALL ON FUNCTION realtime.is_visible_through_filters(columns realtime.wal_column[], filters realtime.user_defined_filter[]) TO postgres;
GRANT ALL ON FUNCTION realtime.is_visible_through_filters(columns realtime.wal_column[], filters realtime.user_defined_filter[]) TO dashboard_user;
GRANT ALL ON FUNCTION realtime.is_visible_through_filters(columns realtime.wal_column[], filters realtime.user_defined_filter[]) TO anon;
GRANT ALL ON FUNCTION realtime.is_visible_through_filters(columns realtime.wal_column[], filters realtime.user_defined_filter[]) TO authenticated;
GRANT ALL ON FUNCTION realtime.is_visible_through_filters(columns realtime.wal_column[], filters realtime.user_defined_filter[]) TO service_role;
GRANT ALL ON FUNCTION realtime.is_visible_through_filters(columns realtime.wal_column[], filters realtime.user_defined_filter[]) TO supabase_realtime_admin;


--
-- Name: FUNCTION list_changes(publication name, slot_name name, max_changes integer, max_record_bytes integer); Type: ACL; Schema: realtime; Owner: supabase_admin
--

GRANT ALL ON FUNCTION realtime.list_changes(publication name, slot_name name, max_changes integer, max_record_bytes integer) TO postgres;
GRANT ALL ON FUNCTION realtime.list_changes(publication name, slot_name name, max_changes integer, max_record_bytes integer) TO dashboard_user;
GRANT ALL ON FUNCTION realtime.list_changes(publication name, slot_name name, max_changes integer, max_record_bytes integer) TO anon;
GRANT ALL ON FUNCTION realtime.list_changes(publication name, slot_name name, max_changes integer, max_record_bytes integer) TO authenticated;
GRANT ALL ON FUNCTION realtime.list_changes(publication name, slot_name name, max_changes integer, max_record_bytes integer) TO service_role;
GRANT ALL ON FUNCTION realtime.list_changes(publication name, slot_name name, max_changes integer, max_record_bytes integer) TO supabase_realtime_admin;


--
-- Name: FUNCTION quote_wal2json(entity regclass); Type: ACL; Schema: realtime; Owner: supabase_admin
--

GRANT ALL ON FUNCTION realtime.quote_wal2json(entity regclass) TO postgres;
GRANT ALL ON FUNCTION realtime.quote_wal2json(entity regclass) TO dashboard_user;
GRANT ALL ON FUNCTION realtime.quote_wal2json(entity regclass) TO anon;
GRANT ALL ON FUNCTION realtime.quote_wal2json(entity regclass) TO authenticated;
GRANT ALL ON FUNCTION realtime.quote_wal2json(entity regclass) TO service_role;
GRANT ALL ON FUNCTION realtime.quote_wal2json(entity regclass) TO supabase_realtime_admin;


--
-- Name: FUNCTION subscription_check_filters(); Type: ACL; Schema: realtime; Owner: supabase_admin
--

GRANT ALL ON FUNCTION realtime.subscription_check_filters() TO postgres;
GRANT ALL ON FUNCTION realtime.subscription_check_filters() TO dashboard_user;
GRANT ALL ON FUNCTION realtime.subscription_check_filters() TO anon;
GRANT ALL ON FUNCTION realtime.subscription_check_filters() TO authenticated;
GRANT ALL ON FUNCTION realtime.subscription_check_filters() TO service_role;
GRANT ALL ON FUNCTION realtime.subscription_check_filters() TO supabase_realtime_admin;


--
-- Name: FUNCTION to_regrole(role_name text); Type: ACL; Schema: realtime; Owner: supabase_admin
--

GRANT ALL ON FUNCTION realtime.to_regrole(role_name text) TO postgres;
GRANT ALL ON FUNCTION realtime.to_regrole(role_name text) TO dashboard_user;
GRANT ALL ON FUNCTION realtime.to_regrole(role_name text) TO anon;
GRANT ALL ON FUNCTION realtime.to_regrole(role_name text) TO authenticated;
GRANT ALL ON FUNCTION realtime.to_regrole(role_name text) TO service_role;
GRANT ALL ON FUNCTION realtime.to_regrole(role_name text) TO supabase_realtime_admin;


--
-- Name: FUNCTION topic(); Type: ACL; Schema: realtime; Owner: supabase_realtime_admin
--

GRANT ALL ON FUNCTION realtime.topic() TO postgres;
GRANT ALL ON FUNCTION realtime.topic() TO dashboard_user;


--
-- Name: FUNCTION can_insert_object(bucketid text, name text, owner uuid, metadata jsonb); Type: ACL; Schema: storage; Owner: supabase_storage_admin
--

GRANT ALL ON FUNCTION storage.can_insert_object(bucketid text, name text, owner uuid, metadata jsonb) TO postgres;


--
-- Name: FUNCTION extension(name text); Type: ACL; Schema: storage; Owner: supabase_storage_admin
--

GRANT ALL ON FUNCTION storage.extension(name text) TO postgres;


--
-- Name: FUNCTION filename(name text); Type: ACL; Schema: storage; Owner: supabase_storage_admin
--

GRANT ALL ON FUNCTION storage.filename(name text) TO postgres;


--
-- Name: FUNCTION foldername(name text); Type: ACL; Schema: storage; Owner: supabase_storage_admin
--

GRANT ALL ON FUNCTION storage.foldername(name text) TO postgres;


--
-- Name: FUNCTION get_size_by_bucket(); Type: ACL; Schema: storage; Owner: supabase_storage_admin
--

GRANT ALL ON FUNCTION storage.get_size_by_bucket() TO postgres;


--
-- Name: FUNCTION list_multipart_uploads_with_delimiter(bucket_id text, prefix_param text, delimiter_param text, max_keys integer, next_key_token text, next_upload_token text); Type: ACL; Schema: storage; Owner: supabase_storage_admin
--

GRANT ALL ON FUNCTION storage.list_multipart_uploads_with_delimiter(bucket_id text, prefix_param text, delimiter_param text, max_keys integer, next_key_token text, next_upload_token text) TO postgres;


--
-- Name: FUNCTION list_objects_with_delimiter(bucket_id text, prefix_param text, delimiter_param text, max_keys integer, start_after text, next_token text); Type: ACL; Schema: storage; Owner: supabase_storage_admin
--

GRANT ALL ON FUNCTION storage.list_objects_with_delimiter(bucket_id text, prefix_param text, delimiter_param text, max_keys integer, start_after text, next_token text) TO postgres;


--
-- Name: FUNCTION operation(); Type: ACL; Schema: storage; Owner: supabase_storage_admin
--

GRANT ALL ON FUNCTION storage.operation() TO postgres;


--
-- Name: FUNCTION search(prefix text, bucketname text, limits integer, levels integer, offsets integer, search text, sortcolumn text, sortorder text); Type: ACL; Schema: storage; Owner: supabase_storage_admin
--

GRANT ALL ON FUNCTION storage.search(prefix text, bucketname text, limits integer, levels integer, offsets integer, search text, sortcolumn text, sortorder text) TO postgres;


--
-- Name: FUNCTION update_updated_at_column(); Type: ACL; Schema: storage; Owner: supabase_storage_admin
--

GRANT ALL ON FUNCTION storage.update_updated_at_column() TO postgres;


--
-- Name: TABLE audit_log_entries; Type: ACL; Schema: auth; Owner: supabase_auth_admin
--

GRANT ALL ON TABLE auth.audit_log_entries TO dashboard_user;
GRANT INSERT,REFERENCES,DELETE,TRIGGER,TRUNCATE,UPDATE ON TABLE auth.audit_log_entries TO postgres;
GRANT SELECT ON TABLE auth.audit_log_entries TO postgres WITH GRANT OPTION;


--
-- Name: TABLE flow_state; Type: ACL; Schema: auth; Owner: supabase_auth_admin
--

GRANT INSERT,REFERENCES,DELETE,TRIGGER,TRUNCATE,UPDATE ON TABLE auth.flow_state TO postgres;
GRANT SELECT ON TABLE auth.flow_state TO postgres WITH GRANT OPTION;
GRANT ALL ON TABLE auth.flow_state TO dashboard_user;


--
-- Name: TABLE identities; Type: ACL; Schema: auth; Owner: supabase_auth_admin
--

GRANT INSERT,REFERENCES,DELETE,TRIGGER,TRUNCATE,UPDATE ON TABLE auth.identities TO postgres;
GRANT SELECT ON TABLE auth.identities TO postgres WITH GRANT OPTION;
GRANT ALL ON TABLE auth.identities TO dashboard_user;


--
-- Name: TABLE instances; Type: ACL; Schema: auth; Owner: supabase_auth_admin
--

GRANT ALL ON TABLE auth.instances TO dashboard_user;
GRANT INSERT,REFERENCES,DELETE,TRIGGER,TRUNCATE,UPDATE ON TABLE auth.instances TO postgres;
GRANT SELECT ON TABLE auth.instances TO postgres WITH GRANT OPTION;


--
-- Name: TABLE mfa_amr_claims; Type: ACL; Schema: auth; Owner: supabase_auth_admin
--

GRANT INSERT,REFERENCES,DELETE,TRIGGER,TRUNCATE,UPDATE ON TABLE auth.mfa_amr_claims TO postgres;
GRANT SELECT ON TABLE auth.mfa_amr_claims TO postgres WITH GRANT OPTION;
GRANT ALL ON TABLE auth.mfa_amr_claims TO dashboard_user;


--
-- Name: TABLE mfa_challenges; Type: ACL; Schema: auth; Owner: supabase_auth_admin
--

GRANT INSERT,REFERENCES,DELETE,TRIGGER,TRUNCATE,UPDATE ON TABLE auth.mfa_challenges TO postgres;
GRANT SELECT ON TABLE auth.mfa_challenges TO postgres WITH GRANT OPTION;
GRANT ALL ON TABLE auth.mfa_challenges TO dashboard_user;


--
-- Name: TABLE mfa_factors; Type: ACL; Schema: auth; Owner: supabase_auth_admin
--

GRANT INSERT,REFERENCES,DELETE,TRIGGER,TRUNCATE,UPDATE ON TABLE auth.mfa_factors TO postgres;
GRANT SELECT ON TABLE auth.mfa_factors TO postgres WITH GRANT OPTION;
GRANT ALL ON TABLE auth.mfa_factors TO dashboard_user;


--
-- Name: TABLE one_time_tokens; Type: ACL; Schema: auth; Owner: supabase_auth_admin
--

GRANT INSERT,REFERENCES,DELETE,TRIGGER,TRUNCATE,UPDATE ON TABLE auth.one_time_tokens TO postgres;
GRANT SELECT ON TABLE auth.one_time_tokens TO postgres WITH GRANT OPTION;
GRANT ALL ON TABLE auth.one_time_tokens TO dashboard_user;


--
-- Name: TABLE refresh_tokens; Type: ACL; Schema: auth; Owner: supabase_auth_admin
--

GRANT ALL ON TABLE auth.refresh_tokens TO dashboard_user;
GRANT INSERT,REFERENCES,DELETE,TRIGGER,TRUNCATE,UPDATE ON TABLE auth.refresh_tokens TO postgres;
GRANT SELECT ON TABLE auth.refresh_tokens TO postgres WITH GRANT OPTION;


--
-- Name: SEQUENCE refresh_tokens_id_seq; Type: ACL; Schema: auth; Owner: supabase_auth_admin
--

GRANT ALL ON SEQUENCE auth.refresh_tokens_id_seq TO dashboard_user;
GRANT ALL ON SEQUENCE auth.refresh_tokens_id_seq TO postgres;


--
-- Name: TABLE saml_providers; Type: ACL; Schema: auth; Owner: supabase_auth_admin
--

GRANT INSERT,REFERENCES,DELETE,TRIGGER,TRUNCATE,UPDATE ON TABLE auth.saml_providers TO postgres;
GRANT SELECT ON TABLE auth.saml_providers TO postgres WITH GRANT OPTION;
GRANT ALL ON TABLE auth.saml_providers TO dashboard_user;


--
-- Name: TABLE saml_relay_states; Type: ACL; Schema: auth; Owner: supabase_auth_admin
--

GRANT INSERT,REFERENCES,DELETE,TRIGGER,TRUNCATE,UPDATE ON TABLE auth.saml_relay_states TO postgres;
GRANT SELECT ON TABLE auth.saml_relay_states TO postgres WITH GRANT OPTION;
GRANT ALL ON TABLE auth.saml_relay_states TO dashboard_user;


--
-- Name: TABLE schema_migrations; Type: ACL; Schema: auth; Owner: supabase_auth_admin
--

GRANT ALL ON TABLE auth.schema_migrations TO dashboard_user;
GRANT INSERT,REFERENCES,DELETE,TRIGGER,TRUNCATE,UPDATE ON TABLE auth.schema_migrations TO postgres;
GRANT SELECT ON TABLE auth.schema_migrations TO postgres WITH GRANT OPTION;


--
-- Name: TABLE sessions; Type: ACL; Schema: auth; Owner: supabase_auth_admin
--

GRANT INSERT,REFERENCES,DELETE,TRIGGER,TRUNCATE,UPDATE ON TABLE auth.sessions TO postgres;
GRANT SELECT ON TABLE auth.sessions TO postgres WITH GRANT OPTION;
GRANT ALL ON TABLE auth.sessions TO dashboard_user;


--
-- Name: TABLE sso_domains; Type: ACL; Schema: auth; Owner: supabase_auth_admin
--

GRANT INSERT,REFERENCES,DELETE,TRIGGER,TRUNCATE,UPDATE ON TABLE auth.sso_domains TO postgres;
GRANT SELECT ON TABLE auth.sso_domains TO postgres WITH GRANT OPTION;
GRANT ALL ON TABLE auth.sso_domains TO dashboard_user;


--
-- Name: TABLE sso_providers; Type: ACL; Schema: auth; Owner: supabase_auth_admin
--

GRANT INSERT,REFERENCES,DELETE,TRIGGER,TRUNCATE,UPDATE ON TABLE auth.sso_providers TO postgres;
GRANT SELECT ON TABLE auth.sso_providers TO postgres WITH GRANT OPTION;
GRANT ALL ON TABLE auth.sso_providers TO dashboard_user;


--
-- Name: TABLE users; Type: ACL; Schema: auth; Owner: supabase_auth_admin
--

GRANT ALL ON TABLE auth.users TO dashboard_user;
GRANT INSERT,REFERENCES,DELETE,TRIGGER,TRUNCATE,UPDATE ON TABLE auth.users TO postgres;
GRANT SELECT ON TABLE auth.users TO postgres WITH GRANT OPTION;


--
-- Name: TABLE pg_stat_statements; Type: ACL; Schema: extensions; Owner: supabase_admin
--

GRANT ALL ON TABLE extensions.pg_stat_statements TO postgres WITH GRANT OPTION;
GRANT ALL ON TABLE extensions.pg_stat_statements TO dashboard_user;


--
-- Name: TABLE pg_stat_statements_info; Type: ACL; Schema: extensions; Owner: supabase_admin
--

GRANT ALL ON TABLE extensions.pg_stat_statements_info TO postgres WITH GRANT OPTION;
GRANT ALL ON TABLE extensions.pg_stat_statements_info TO dashboard_user;


--
-- Name: SEQUENCE seq_schema_version; Type: ACL; Schema: graphql; Owner: supabase_admin
--

GRANT ALL ON SEQUENCE graphql.seq_schema_version TO postgres;
GRANT ALL ON SEQUENCE graphql.seq_schema_version TO anon;
GRANT ALL ON SEQUENCE graphql.seq_schema_version TO authenticated;
GRANT ALL ON SEQUENCE graphql.seq_schema_version TO service_role;


--
-- Name: TABLE decrypted_key; Type: ACL; Schema: pgsodium; Owner: supabase_admin
--

GRANT ALL ON TABLE pgsodium.decrypted_key TO pgsodium_keyholder;


--
-- Name: TABLE masking_rule; Type: ACL; Schema: pgsodium; Owner: supabase_admin
--

GRANT ALL ON TABLE pgsodium.masking_rule TO pgsodium_keyholder;


--
-- Name: TABLE mask_columns; Type: ACL; Schema: pgsodium; Owner: supabase_admin
--

GRANT ALL ON TABLE pgsodium.mask_columns TO pgsodium_keyholder;


--
-- Name: TABLE bookings; Type: ACL; Schema: public; Owner: postgres
--

GRANT ALL ON TABLE public.bookings TO anon;
GRANT ALL ON TABLE public.bookings TO authenticated;
GRANT ALL ON TABLE public.bookings TO service_role;


--
-- Name: SEQUENCE bookings_id_seq; Type: ACL; Schema: public; Owner: postgres
--

GRANT ALL ON SEQUENCE public.bookings_id_seq TO anon;
GRANT ALL ON SEQUENCE public.bookings_id_seq TO authenticated;
GRANT ALL ON SEQUENCE public.bookings_id_seq TO service_role;


--
-- Name: TABLE cabins; Type: ACL; Schema: public; Owner: postgres
--

GRANT ALL ON TABLE public.cabins TO anon;
GRANT ALL ON TABLE public.cabins TO authenticated;
GRANT ALL ON TABLE public.cabins TO service_role;


--
-- Name: SEQUENCE cabins_id_seq; Type: ACL; Schema: public; Owner: postgres
--

GRANT ALL ON SEQUENCE public.cabins_id_seq TO anon;
GRANT ALL ON SEQUENCE public.cabins_id_seq TO authenticated;
GRANT ALL ON SEQUENCE public.cabins_id_seq TO service_role;


--
-- Name: TABLE guests; Type: ACL; Schema: public; Owner: postgres
--

GRANT ALL ON TABLE public.guests TO anon;
GRANT ALL ON TABLE public.guests TO authenticated;
GRANT ALL ON TABLE public.guests TO service_role;


--
-- Name: SEQUENCE guests_id_seq; Type: ACL; Schema: public; Owner: postgres
--

GRANT ALL ON SEQUENCE public.guests_id_seq TO anon;
GRANT ALL ON SEQUENCE public.guests_id_seq TO authenticated;
GRANT ALL ON SEQUENCE public.guests_id_seq TO service_role;


--
-- Name: TABLE settings; Type: ACL; Schema: public; Owner: postgres
--

GRANT ALL ON TABLE public.settings TO anon;
GRANT ALL ON TABLE public.settings TO authenticated;
GRANT ALL ON TABLE public.settings TO service_role;


--
-- Name: SEQUENCE settings_id_seq; Type: ACL; Schema: public; Owner: postgres
--

GRANT ALL ON SEQUENCE public.settings_id_seq TO anon;
GRANT ALL ON SEQUENCE public.settings_id_seq TO authenticated;
GRANT ALL ON SEQUENCE public.settings_id_seq TO service_role;


--
-- Name: TABLE messages; Type: ACL; Schema: realtime; Owner: supabase_realtime_admin
--

GRANT ALL ON TABLE realtime.messages TO postgres;
GRANT ALL ON TABLE realtime.messages TO dashboard_user;
GRANT SELECT,INSERT,UPDATE ON TABLE realtime.messages TO anon;
GRANT SELECT,INSERT,UPDATE ON TABLE realtime.messages TO authenticated;
GRANT SELECT,INSERT,UPDATE ON TABLE realtime.messages TO service_role;


--
-- Name: SEQUENCE messages_id_seq; Type: ACL; Schema: realtime; Owner: supabase_realtime_admin
--

GRANT ALL ON SEQUENCE realtime.messages_id_seq TO postgres;
GRANT ALL ON SEQUENCE realtime.messages_id_seq TO dashboard_user;
GRANT USAGE ON SEQUENCE realtime.messages_id_seq TO anon;
GRANT USAGE ON SEQUENCE realtime.messages_id_seq TO authenticated;
GRANT USAGE ON SEQUENCE realtime.messages_id_seq TO service_role;


--
-- Name: TABLE schema_migrations; Type: ACL; Schema: realtime; Owner: supabase_admin
--

GRANT ALL ON TABLE realtime.schema_migrations TO postgres;
GRANT ALL ON TABLE realtime.schema_migrations TO dashboard_user;
GRANT SELECT ON TABLE realtime.schema_migrations TO anon;
GRANT SELECT ON TABLE realtime.schema_migrations TO authenticated;
GRANT SELECT ON TABLE realtime.schema_migrations TO service_role;
GRANT ALL ON TABLE realtime.schema_migrations TO supabase_realtime_admin;


--
-- Name: TABLE subscription; Type: ACL; Schema: realtime; Owner: supabase_admin
--

GRANT ALL ON TABLE realtime.subscription TO postgres;
GRANT ALL ON TABLE realtime.subscription TO dashboard_user;
GRANT SELECT ON TABLE realtime.subscription TO anon;
GRANT SELECT ON TABLE realtime.subscription TO authenticated;
GRANT SELECT ON TABLE realtime.subscription TO service_role;
GRANT ALL ON TABLE realtime.subscription TO supabase_realtime_admin;


--
-- Name: SEQUENCE subscription_id_seq; Type: ACL; Schema: realtime; Owner: supabase_admin
--

GRANT ALL ON SEQUENCE realtime.subscription_id_seq TO postgres;
GRANT ALL ON SEQUENCE realtime.subscription_id_seq TO dashboard_user;
GRANT USAGE ON SEQUENCE realtime.subscription_id_seq TO anon;
GRANT USAGE ON SEQUENCE realtime.subscription_id_seq TO authenticated;
GRANT USAGE ON SEQUENCE realtime.subscription_id_seq TO service_role;
GRANT ALL ON SEQUENCE realtime.subscription_id_seq TO supabase_realtime_admin;


--
-- Name: TABLE buckets; Type: ACL; Schema: storage; Owner: supabase_storage_admin
--

GRANT ALL ON TABLE storage.buckets TO anon;
GRANT ALL ON TABLE storage.buckets TO authenticated;
GRANT ALL ON TABLE storage.buckets TO service_role;
GRANT ALL ON TABLE storage.buckets TO postgres;


--
-- Name: TABLE migrations; Type: ACL; Schema: storage; Owner: supabase_storage_admin
--

GRANT ALL ON TABLE storage.migrations TO anon;
GRANT ALL ON TABLE storage.migrations TO authenticated;
GRANT ALL ON TABLE storage.migrations TO service_role;
GRANT ALL ON TABLE storage.migrations TO postgres;


--
-- Name: TABLE objects; Type: ACL; Schema: storage; Owner: supabase_storage_admin
--

GRANT ALL ON TABLE storage.objects TO anon;
GRANT ALL ON TABLE storage.objects TO authenticated;
GRANT ALL ON TABLE storage.objects TO service_role;
GRANT ALL ON TABLE storage.objects TO postgres;


--
-- Name: TABLE s3_multipart_uploads; Type: ACL; Schema: storage; Owner: supabase_storage_admin
--

GRANT ALL ON TABLE storage.s3_multipart_uploads TO service_role;
GRANT SELECT ON TABLE storage.s3_multipart_uploads TO authenticated;
GRANT SELECT ON TABLE storage.s3_multipart_uploads TO anon;
GRANT ALL ON TABLE storage.s3_multipart_uploads TO postgres;


--
-- Name: TABLE s3_multipart_uploads_parts; Type: ACL; Schema: storage; Owner: supabase_storage_admin
--

GRANT ALL ON TABLE storage.s3_multipart_uploads_parts TO service_role;
GRANT SELECT ON TABLE storage.s3_multipart_uploads_parts TO authenticated;
GRANT SELECT ON TABLE storage.s3_multipart_uploads_parts TO anon;
GRANT ALL ON TABLE storage.s3_multipart_uploads_parts TO postgres;


--
-- Name: DEFAULT PRIVILEGES FOR SEQUENCES; Type: DEFAULT ACL; Schema: auth; Owner: supabase_auth_admin
--

ALTER DEFAULT PRIVILEGES FOR ROLE supabase_auth_admin IN SCHEMA auth GRANT ALL ON SEQUENCES  TO postgres;
ALTER DEFAULT PRIVILEGES FOR ROLE supabase_auth_admin IN SCHEMA auth GRANT ALL ON SEQUENCES  TO dashboard_user;


--
-- Name: DEFAULT PRIVILEGES FOR FUNCTIONS; Type: DEFAULT ACL; Schema: auth; Owner: supabase_auth_admin
--

ALTER DEFAULT PRIVILEGES FOR ROLE supabase_auth_admin IN SCHEMA auth GRANT ALL ON FUNCTIONS  TO postgres;
ALTER DEFAULT PRIVILEGES FOR ROLE supabase_auth_admin IN SCHEMA auth GRANT ALL ON FUNCTIONS  TO dashboard_user;


--
-- Name: DEFAULT PRIVILEGES FOR TABLES; Type: DEFAULT ACL; Schema: auth; Owner: supabase_auth_admin
--

ALTER DEFAULT PRIVILEGES FOR ROLE supabase_auth_admin IN SCHEMA auth GRANT ALL ON TABLES  TO postgres;
ALTER DEFAULT PRIVILEGES FOR ROLE supabase_auth_admin IN SCHEMA auth GRANT ALL ON TABLES  TO dashboard_user;


--
-- Name: DEFAULT PRIVILEGES FOR SEQUENCES; Type: DEFAULT ACL; Schema: extensions; Owner: supabase_admin
--

ALTER DEFAULT PRIVILEGES FOR ROLE supabase_admin IN SCHEMA extensions GRANT ALL ON SEQUENCES  TO postgres WITH GRANT OPTION;


--
-- Name: DEFAULT PRIVILEGES FOR FUNCTIONS; Type: DEFAULT ACL; Schema: extensions; Owner: supabase_admin
--

ALTER DEFAULT PRIVILEGES FOR ROLE supabase_admin IN SCHEMA extensions GRANT ALL ON FUNCTIONS  TO postgres WITH GRANT OPTION;


--
-- Name: DEFAULT PRIVILEGES FOR TABLES; Type: DEFAULT ACL; Schema: extensions; Owner: supabase_admin
--

ALTER DEFAULT PRIVILEGES FOR ROLE supabase_admin IN SCHEMA extensions GRANT ALL ON TABLES  TO postgres WITH GRANT OPTION;


--
-- Name: DEFAULT PRIVILEGES FOR SEQUENCES; Type: DEFAULT ACL; Schema: graphql; Owner: supabase_admin
--

ALTER DEFAULT PRIVILEGES FOR ROLE supabase_admin IN SCHEMA graphql GRANT ALL ON SEQUENCES  TO postgres;
ALTER DEFAULT PRIVILEGES FOR ROLE supabase_admin IN SCHEMA graphql GRANT ALL ON SEQUENCES  TO anon;
ALTER DEFAULT PRIVILEGES FOR ROLE supabase_admin IN SCHEMA graphql GRANT ALL ON SEQUENCES  TO authenticated;
ALTER DEFAULT PRIVILEGES FOR ROLE supabase_admin IN SCHEMA graphql GRANT ALL ON SEQUENCES  TO service_role;


--
-- Name: DEFAULT PRIVILEGES FOR FUNCTIONS; Type: DEFAULT ACL; Schema: graphql; Owner: supabase_admin
--

ALTER DEFAULT PRIVILEGES FOR ROLE supabase_admin IN SCHEMA graphql GRANT ALL ON FUNCTIONS  TO postgres;
ALTER DEFAULT PRIVILEGES FOR ROLE supabase_admin IN SCHEMA graphql GRANT ALL ON FUNCTIONS  TO anon;
ALTER DEFAULT PRIVILEGES FOR ROLE supabase_admin IN SCHEMA graphql GRANT ALL ON FUNCTIONS  TO authenticated;
ALTER DEFAULT PRIVILEGES FOR ROLE supabase_admin IN SCHEMA graphql GRANT ALL ON FUNCTIONS  TO service_role;


--
-- Name: DEFAULT PRIVILEGES FOR TABLES; Type: DEFAULT ACL; Schema: graphql; Owner: supabase_admin
--

ALTER DEFAULT PRIVILEGES FOR ROLE supabase_admin IN SCHEMA graphql GRANT ALL ON TABLES  TO postgres;
ALTER DEFAULT PRIVILEGES FOR ROLE supabase_admin IN SCHEMA graphql GRANT ALL ON TABLES  TO anon;
ALTER DEFAULT PRIVILEGES FOR ROLE supabase_admin IN SCHEMA graphql GRANT ALL ON TABLES  TO authenticated;
ALTER DEFAULT PRIVILEGES FOR ROLE supabase_admin IN SCHEMA graphql GRANT ALL ON TABLES  TO service_role;


--
-- Name: DEFAULT PRIVILEGES FOR SEQUENCES; Type: DEFAULT ACL; Schema: graphql_public; Owner: supabase_admin
--

ALTER DEFAULT PRIVILEGES FOR ROLE supabase_admin IN SCHEMA graphql_public GRANT ALL ON SEQUENCES  TO postgres;
ALTER DEFAULT PRIVILEGES FOR ROLE supabase_admin IN SCHEMA graphql_public GRANT ALL ON SEQUENCES  TO anon;
ALTER DEFAULT PRIVILEGES FOR ROLE supabase_admin IN SCHEMA graphql_public GRANT ALL ON SEQUENCES  TO authenticated;
ALTER DEFAULT PRIVILEGES FOR ROLE supabase_admin IN SCHEMA graphql_public GRANT ALL ON SEQUENCES  TO service_role;


--
-- Name: DEFAULT PRIVILEGES FOR FUNCTIONS; Type: DEFAULT ACL; Schema: graphql_public; Owner: supabase_admin
--

ALTER DEFAULT PRIVILEGES FOR ROLE supabase_admin IN SCHEMA graphql_public GRANT ALL ON FUNCTIONS  TO postgres;
ALTER DEFAULT PRIVILEGES FOR ROLE supabase_admin IN SCHEMA graphql_public GRANT ALL ON FUNCTIONS  TO anon;
ALTER DEFAULT PRIVILEGES FOR ROLE supabase_admin IN SCHEMA graphql_public GRANT ALL ON FUNCTIONS  TO authenticated;
ALTER DEFAULT PRIVILEGES FOR ROLE supabase_admin IN SCHEMA graphql_public GRANT ALL ON FUNCTIONS  TO service_role;


--
-- Name: DEFAULT PRIVILEGES FOR TABLES; Type: DEFAULT ACL; Schema: graphql_public; Owner: supabase_admin
--

ALTER DEFAULT PRIVILEGES FOR ROLE supabase_admin IN SCHEMA graphql_public GRANT ALL ON TABLES  TO postgres;
ALTER DEFAULT PRIVILEGES FOR ROLE supabase_admin IN SCHEMA graphql_public GRANT ALL ON TABLES  TO anon;
ALTER DEFAULT PRIVILEGES FOR ROLE supabase_admin IN SCHEMA graphql_public GRANT ALL ON TABLES  TO authenticated;
ALTER DEFAULT PRIVILEGES FOR ROLE supabase_admin IN SCHEMA graphql_public GRANT ALL ON TABLES  TO service_role;


--
-- Name: DEFAULT PRIVILEGES FOR SEQUENCES; Type: DEFAULT ACL; Schema: pgsodium; Owner: supabase_admin
--

ALTER DEFAULT PRIVILEGES FOR ROLE supabase_admin IN SCHEMA pgsodium GRANT ALL ON SEQUENCES  TO pgsodium_keyholder;


--
-- Name: DEFAULT PRIVILEGES FOR TABLES; Type: DEFAULT ACL; Schema: pgsodium; Owner: supabase_admin
--

ALTER DEFAULT PRIVILEGES FOR ROLE supabase_admin IN SCHEMA pgsodium GRANT ALL ON TABLES  TO pgsodium_keyholder;


--
-- Name: DEFAULT PRIVILEGES FOR SEQUENCES; Type: DEFAULT ACL; Schema: pgsodium_masks; Owner: supabase_admin
--

ALTER DEFAULT PRIVILEGES FOR ROLE supabase_admin IN SCHEMA pgsodium_masks GRANT ALL ON SEQUENCES  TO pgsodium_keyiduser;


--
-- Name: DEFAULT PRIVILEGES FOR FUNCTIONS; Type: DEFAULT ACL; Schema: pgsodium_masks; Owner: supabase_admin
--

ALTER DEFAULT PRIVILEGES FOR ROLE supabase_admin IN SCHEMA pgsodium_masks GRANT ALL ON FUNCTIONS  TO pgsodium_keyiduser;


--
-- Name: DEFAULT PRIVILEGES FOR TABLES; Type: DEFAULT ACL; Schema: pgsodium_masks; Owner: supabase_admin
--

ALTER DEFAULT PRIVILEGES FOR ROLE supabase_admin IN SCHEMA pgsodium_masks GRANT ALL ON TABLES  TO pgsodium_keyiduser;


--
-- Name: DEFAULT PRIVILEGES FOR SEQUENCES; Type: DEFAULT ACL; Schema: public; Owner: postgres
--

ALTER DEFAULT PRIVILEGES FOR ROLE postgres IN SCHEMA public GRANT ALL ON SEQUENCES  TO postgres;
ALTER DEFAULT PRIVILEGES FOR ROLE postgres IN SCHEMA public GRANT ALL ON SEQUENCES  TO anon;
ALTER DEFAULT PRIVILEGES FOR ROLE postgres IN SCHEMA public GRANT ALL ON SEQUENCES  TO authenticated;
ALTER DEFAULT PRIVILEGES FOR ROLE postgres IN SCHEMA public GRANT ALL ON SEQUENCES  TO service_role;


--
-- Name: DEFAULT PRIVILEGES FOR SEQUENCES; Type: DEFAULT ACL; Schema: public; Owner: supabase_admin
--

ALTER DEFAULT PRIVILEGES FOR ROLE supabase_admin IN SCHEMA public GRANT ALL ON SEQUENCES  TO postgres;
ALTER DEFAULT PRIVILEGES FOR ROLE supabase_admin IN SCHEMA public GRANT ALL ON SEQUENCES  TO anon;
ALTER DEFAULT PRIVILEGES FOR ROLE supabase_admin IN SCHEMA public GRANT ALL ON SEQUENCES  TO authenticated;
ALTER DEFAULT PRIVILEGES FOR ROLE supabase_admin IN SCHEMA public GRANT ALL ON SEQUENCES  TO service_role;


--
-- Name: DEFAULT PRIVILEGES FOR FUNCTIONS; Type: DEFAULT ACL; Schema: public; Owner: postgres
--

ALTER DEFAULT PRIVILEGES FOR ROLE postgres IN SCHEMA public GRANT ALL ON FUNCTIONS  TO postgres;
ALTER DEFAULT PRIVILEGES FOR ROLE postgres IN SCHEMA public GRANT ALL ON FUNCTIONS  TO anon;
ALTER DEFAULT PRIVILEGES FOR ROLE postgres IN SCHEMA public GRANT ALL ON FUNCTIONS  TO authenticated;
ALTER DEFAULT PRIVILEGES FOR ROLE postgres IN SCHEMA public GRANT ALL ON FUNCTIONS  TO service_role;


--
-- Name: DEFAULT PRIVILEGES FOR FUNCTIONS; Type: DEFAULT ACL; Schema: public; Owner: supabase_admin
--

ALTER DEFAULT PRIVILEGES FOR ROLE supabase_admin IN SCHEMA public GRANT ALL ON FUNCTIONS  TO postgres;
ALTER DEFAULT PRIVILEGES FOR ROLE supabase_admin IN SCHEMA public GRANT ALL ON FUNCTIONS  TO anon;
ALTER DEFAULT PRIVILEGES FOR ROLE supabase_admin IN SCHEMA public GRANT ALL ON FUNCTIONS  TO authenticated;
ALTER DEFAULT PRIVILEGES FOR ROLE supabase_admin IN SCHEMA public GRANT ALL ON FUNCTIONS  TO service_role;


--
-- Name: DEFAULT PRIVILEGES FOR TABLES; Type: DEFAULT ACL; Schema: public; Owner: postgres
--

ALTER DEFAULT PRIVILEGES FOR ROLE postgres IN SCHEMA public GRANT ALL ON TABLES  TO postgres;
ALTER DEFAULT PRIVILEGES FOR ROLE postgres IN SCHEMA public GRANT ALL ON TABLES  TO anon;
ALTER DEFAULT PRIVILEGES FOR ROLE postgres IN SCHEMA public GRANT ALL ON TABLES  TO authenticated;
ALTER DEFAULT PRIVILEGES FOR ROLE postgres IN SCHEMA public GRANT ALL ON TABLES  TO service_role;


--
-- Name: DEFAULT PRIVILEGES FOR TABLES; Type: DEFAULT ACL; Schema: public; Owner: supabase_admin
--

ALTER DEFAULT PRIVILEGES FOR ROLE supabase_admin IN SCHEMA public GRANT ALL ON TABLES  TO postgres;
ALTER DEFAULT PRIVILEGES FOR ROLE supabase_admin IN SCHEMA public GRANT ALL ON TABLES  TO anon;
ALTER DEFAULT PRIVILEGES FOR ROLE supabase_admin IN SCHEMA public GRANT ALL ON TABLES  TO authenticated;
ALTER DEFAULT PRIVILEGES FOR ROLE supabase_admin IN SCHEMA public GRANT ALL ON TABLES  TO service_role;


--
-- Name: DEFAULT PRIVILEGES FOR SEQUENCES; Type: DEFAULT ACL; Schema: realtime; Owner: supabase_admin
--

ALTER DEFAULT PRIVILEGES FOR ROLE supabase_admin IN SCHEMA realtime GRANT ALL ON SEQUENCES  TO postgres;
ALTER DEFAULT PRIVILEGES FOR ROLE supabase_admin IN SCHEMA realtime GRANT ALL ON SEQUENCES  TO dashboard_user;


--
-- Name: DEFAULT PRIVILEGES FOR FUNCTIONS; Type: DEFAULT ACL; Schema: realtime; Owner: supabase_admin
--

ALTER DEFAULT PRIVILEGES FOR ROLE supabase_admin IN SCHEMA realtime GRANT ALL ON FUNCTIONS  TO postgres;
ALTER DEFAULT PRIVILEGES FOR ROLE supabase_admin IN SCHEMA realtime GRANT ALL ON FUNCTIONS  TO dashboard_user;


--
-- Name: DEFAULT PRIVILEGES FOR TABLES; Type: DEFAULT ACL; Schema: realtime; Owner: supabase_admin
--

ALTER DEFAULT PRIVILEGES FOR ROLE supabase_admin IN SCHEMA realtime GRANT ALL ON TABLES  TO postgres;
ALTER DEFAULT PRIVILEGES FOR ROLE supabase_admin IN SCHEMA realtime GRANT ALL ON TABLES  TO dashboard_user;


--
-- Name: DEFAULT PRIVILEGES FOR SEQUENCES; Type: DEFAULT ACL; Schema: storage; Owner: postgres
--

ALTER DEFAULT PRIVILEGES FOR ROLE postgres IN SCHEMA storage GRANT ALL ON SEQUENCES  TO postgres;
ALTER DEFAULT PRIVILEGES FOR ROLE postgres IN SCHEMA storage GRANT ALL ON SEQUENCES  TO anon;
ALTER DEFAULT PRIVILEGES FOR ROLE postgres IN SCHEMA storage GRANT ALL ON SEQUENCES  TO authenticated;
ALTER DEFAULT PRIVILEGES FOR ROLE postgres IN SCHEMA storage GRANT ALL ON SEQUENCES  TO service_role;


--
-- Name: DEFAULT PRIVILEGES FOR FUNCTIONS; Type: DEFAULT ACL; Schema: storage; Owner: postgres
--

ALTER DEFAULT PRIVILEGES FOR ROLE postgres IN SCHEMA storage GRANT ALL ON FUNCTIONS  TO postgres;
ALTER DEFAULT PRIVILEGES FOR ROLE postgres IN SCHEMA storage GRANT ALL ON FUNCTIONS  TO anon;
ALTER DEFAULT PRIVILEGES FOR ROLE postgres IN SCHEMA storage GRANT ALL ON FUNCTIONS  TO authenticated;
ALTER DEFAULT PRIVILEGES FOR ROLE postgres IN SCHEMA storage GRANT ALL ON FUNCTIONS  TO service_role;


--
-- Name: DEFAULT PRIVILEGES FOR TABLES; Type: DEFAULT ACL; Schema: storage; Owner: postgres
--

ALTER DEFAULT PRIVILEGES FOR ROLE postgres IN SCHEMA storage GRANT ALL ON TABLES  TO postgres;
ALTER DEFAULT PRIVILEGES FOR ROLE postgres IN SCHEMA storage GRANT ALL ON TABLES  TO anon;
ALTER DEFAULT PRIVILEGES FOR ROLE postgres IN SCHEMA storage GRANT ALL ON TABLES  TO authenticated;
ALTER DEFAULT PRIVILEGES FOR ROLE postgres IN SCHEMA storage GRANT ALL ON TABLES  TO service_role;


--
-- Name: issue_graphql_placeholder; Type: EVENT TRIGGER; Schema: -; Owner: supabase_admin
--

CREATE EVENT TRIGGER issue_graphql_placeholder ON sql_drop
         WHEN TAG IN ('DROP EXTENSION')
   EXECUTE FUNCTION extensions.set_graphql_placeholder();


ALTER EVENT TRIGGER issue_graphql_placeholder OWNER TO supabase_admin;

--
-- Name: issue_pg_cron_access; Type: EVENT TRIGGER; Schema: -; Owner: supabase_admin
--

CREATE EVENT TRIGGER issue_pg_cron_access ON ddl_command_end
         WHEN TAG IN ('CREATE EXTENSION')
   EXECUTE FUNCTION extensions.grant_pg_cron_access();


ALTER EVENT TRIGGER issue_pg_cron_access OWNER TO supabase_admin;

--
-- Name: issue_pg_graphql_access; Type: EVENT TRIGGER; Schema: -; Owner: supabase_admin
--

CREATE EVENT TRIGGER issue_pg_graphql_access ON ddl_command_end
         WHEN TAG IN ('CREATE FUNCTION')
   EXECUTE FUNCTION extensions.grant_pg_graphql_access();


ALTER EVENT TRIGGER issue_pg_graphql_access OWNER TO supabase_admin;

--
-- Name: issue_pg_net_access; Type: EVENT TRIGGER; Schema: -; Owner: postgres
--

CREATE EVENT TRIGGER issue_pg_net_access ON ddl_command_end
         WHEN TAG IN ('CREATE EXTENSION')
   EXECUTE FUNCTION extensions.grant_pg_net_access();


ALTER EVENT TRIGGER issue_pg_net_access OWNER TO postgres;

--
-- Name: pgrst_ddl_watch; Type: EVENT TRIGGER; Schema: -; Owner: supabase_admin
--

CREATE EVENT TRIGGER pgrst_ddl_watch ON ddl_command_end
   EXECUTE FUNCTION extensions.pgrst_ddl_watch();


ALTER EVENT TRIGGER pgrst_ddl_watch OWNER TO supabase_admin;

--
-- Name: pgrst_drop_watch; Type: EVENT TRIGGER; Schema: -; Owner: supabase_admin
--

CREATE EVENT TRIGGER pgrst_drop_watch ON sql_drop
   EXECUTE FUNCTION extensions.pgrst_drop_watch();


ALTER EVENT TRIGGER pgrst_drop_watch OWNER TO supabase_admin;

--
-- PostgreSQL database dump complete
--

--
-- PostgreSQL database cluster dump complete
--

